03/04/2018,00:10,21.74,23.89,0.9,329.6,876.5982,0.0,0.0,0.087
03/04/2018,00:20,22.59,24.91,0.797,330.45,876.6808,0.0,0.0,0.125
03/04/2018,00:30,21.85,24.81,1.283,338.5,876.8106,0.0,0.0,0.013
03/04/2018,00:40,21.62,25.52,2.123,348.0,876.991,0.0,0.0,0.18
03/04/2018,00:50,21.36,27.23,2.041,346.85,877.04,0.0,0.0,0.088
03/04/2018,01:00,21.02,26.27,2.251,337.35,876.9988,0.0,0.0,0.167
03/04/2018,01:10,21.29,27.81,2.146,309.3027,877.0317,0.0,0.0,0.147
03/04/2018,01:20,20.5,29.03,2.37,347.25,877.0317,0.0,0.0,0.0
03/04/2018,01:30,20.47,28.08,2.719,334.09000000000003,877.0153,0.0,0.0,0.08
03/04/2018,01:40,20.61,28.25,2.211,343.13,877.0153,0.0,0.0,0.08
03/04/2018,01:50,20.27,29.95,1.775,188.352,876.9415,0.0,0.0,0.0
03/04/2018,02:00,19.74,30.67,2.026,213.4927,876.7448,0.0,0.0,0.0
03/04/2018,02:10,19.22,32.71,2.181,343.61,876.9182,0.0,0.0,0.0
03/04/2018,02:20,19.37,31.04,2.524,341.87,876.8427,0.0,0.0,0.178
03/04/2018,02:30,19.61,31.76,2.073,333.3,876.6563,0.0,0.0,0.098
03/04/2018,02:40,18.87,33.43,2.078,209.7999,877.0236,0.0,0.0,0.0
03/04/2018,02:50,18.45,34.04,1.899,155.3126,876.7285,0.0,0.0,0.0
03/04/2018,03:00,18.08,36.33,1.235,280.32370000000003,876.959,0.0,0.0,0.0
03/04/2018,03:10,17.93,34.9,1.951,283.8115,877.0798,0.0,0.0,0.053
03/04/2018,03:20,18.75,32.13,1.865,277.9462,876.9672,0.0,0.0,0.388
03/04/2018,03:30,19.2,34.35,2.227,309.4408,877.1953,0.0,0.0,0.229
03/04/2018,03:40,18.54,34.79,2.479,327.61,877.0971,0.0,0.0,0.046
03/04/2018,03:50,18.66,34.35,2.229,312.71,877.1707,0.0,0.0,0.113
03/04/2018,04:00,17.9,38.54,2.151,319.06,876.9742,0.0,0.0,0.0
03/04/2018,04:10,17.49,38.17,2.353,316.42,877.0974,0.0,0.0,0.048
03/04/2018,04:20,17.51,39.15,2.211,309.0,877.1953,0.0,0.0,0.0
03/04/2018,04:30,17.69,37.49,1.961,332.51,877.1953,0.0,0.0,0.036
03/04/2018,04:40,17.6,39.02,2.45,330.92,877.0066,0.0,0.0,0.028
03/04/2018,04:50,17.35,40.28,2.349,332.66,876.8436,0.0,0.0,0.013
03/04/2018,05:00,17.26,39.77,2.675,340.23,877.0809,0.0,0.0,0.033
03/04/2018,05:10,17.32,39.33,2.888,346.94,877.4008,0.0,0.0,0.013
03/04/2018,05:20,17.29,39.26,2.785,345.77,877.5627,0.0,0.0,0.007
03/04/2018,05:30,17.1,40.04,3.245,345.86,877.1871,0.0,0.0,0.0
03/04/2018,05:40,16.9,39.94,3.261,343.99,877.7686,0.0,0.0,0.0
03/04/2018,05:50,16.8,40.89,3.296,345.38,877.7762,0.0,0.0,0.013
03/04/2018,06:00,16.77,39.63,3.198,344.47,877.7839,0.0,0.0,0.09
03/04/2018,06:10,16.7,39.8,3.069,354.53000000000003,877.7018,0.0,0.0,0.0
03/04/2018,06:20,16.74,39.36,2.844,352.37,877.8088,0.0,0.0,0.094
03/04/2018,06:30,16.69,40.21,2.666,341.38,877.7444,0.0,0.0,0.004
03/04/2018,06:40,16.47,40.11,2.346,344.21,878.0125,0.0,0.0,0.005
03/04/2018,06:50,16.39,40.59,2.69,344.97,878.2104,0.0,0.0,0.03
03/04/2018,07:00,16.13,41.51,2.584,329.83000000000004,878.1033,1.399,0.891,0.0
03/04/2018,07:10,15.93,41.0,2.433,323.45,878.4876,9.61,7.444,8.76
03/04/2018,07:20,16.1,39.97,2.191,330.79,878.6349,29.36,17.28,119.8
03/04/2018,07:30,16.16,39.87,2.301,330.14,878.774,57.84,26.78,234.7
03/04/2018,07:40,16.59,38.68,1.819,306.267,878.8722,93.2,35.4,345.1
03/04/2018,07:50,17.1,37.59,1.544,287.7232,878.6502,127.6,42.56,427.4
03/04/2018,08:00,17.83,36.39,1.228,293.17,878.693,168.5,49.06,492.4
03/04/2018,08:10,18.75,33.63,1.073,266.94,879.0439,207.0,55.15,537.0
03/04/2018,08:20,19.78,32.99,1.11,204.4,879.371,246.6,60.57,577.1
03/04/2018,08:30,20.6,31.76,0.815,214.24,879.0264,287.8,65.13,618.4
03/04/2018,08:40,21.17,31.32,1.442,201.9,879.2001,331.2,69.48,657.2
03/04/2018,08:50,21.13,29.92,1.607,189.07,879.6478,372.1,74.43,680.3
03/04/2018,09:00,21.79,28.93,1.493,178.70999999999998,879.601,412.5,77.43,706.6
03/04/2018,09:10,22.31,27.84,1.424,156.25,879.6897,453.8,81.8,728.6
03/04/2018,09:20,22.8,26.92,1.785,225.55,879.7302,493.8,85.9,746.6
03/04/2018,09:30,22.85,27.3,1.565,203.7,879.6266,530.4,90.1,759.6
03/04/2018,09:40,23.07,27.4,1.326,170.8,879.255,568.1,93.1,777.2
03/04/2018,09:50,23.33,26.0,1.042,162.23,879.4669,608.0,95.8,796.6
03/04/2018,10:00,23.94,25.04,1.703,131.05,879.4604,650.0,94.1,828.0
03/04/2018,10:10,24.4,24.84,1.622,193.54,879.5811,685.1,94.7,843.0
03/04/2018,10:20,24.4,25.76,1.625,118.088,879.5346,715.7,98.2,848.0
03/04/2018,10:30,24.97,26.17,1.761,97.232,879.3504,744.2,101.8,852.0
03/04/2018,10:40,24.83,26.2,1.416,183.04,879.2678,772.3,104.0,857.0
03/04/2018,10:50,25.38,25.76,1.243,179.20999999999998,878.9631,800.0,105.2,867.0
03/04/2018,11:00,25.32,24.7,1.834,199.19,878.899,824.0,107.7,869.0
03/04/2018,11:10,25.35,27.9,1.867,167.98,878.9384,842.0,111.3,864.0
03/04/2018,11:20,25.41,25.07,1.713,209.31,878.699,868.0,112.1,876.0
03/04/2018,11:30,26.17,26.44,1.434,191.196,878.6735,886.0,112.3,880.0
03/04/2018,11:40,25.24,25.42,1.239,157.15,878.6905,904.0,114.1,885.0
03/04/2018,11:50,27.01,23.68,2.017,115.402,878.5156,924.0,115.2,893.0
03/04/2018,12:00,27.0,23.92,1.706,171.57,878.3041,943.0,116.1,901.0
03/04/2018,12:10,27.19,23.95,2.175,146.183,878.0062,954.0,116.6,904.0
03/04/2018,12:20,26.82,24.94,1.884,192.284,877.8647,962.0,118.8,901.0
03/04/2018,12:30,26.17,22.72,1.465,148.24,877.6418,965.0,120.5,898.0
03/04/2018,12:40,28.14,21.8,1.595,165.628,877.3084,969.0,120.8,900.0
03/04/2018,12:50,27.56,20.31,1.794,250.37,877.1803,971.0,121.4,896.0
03/04/2018,13:00,28.38,19.69,1.025,247.769,877.1626,970.0,121.3,897.0
03/04/2018,13:10,28.94,20.13,1.352,311.14,876.8574,968.0,121.6,895.0
03/04/2018,13:20,27.61,20.61,1.972,227.49,876.7686,968.0,123.5,893.0
03/04/2018,13:30,28.39,20.48,1.458,172.88,876.5193,951.0,123.5,881.0
03/04/2018,13:40,29.37,19.49,1.507,171.39,876.3255,940.0,125.3,872.0
03/04/2018,13:50,28.99,19.69,2.236,135.697,876.2159,926.0,130.6,857.0
03/04/2018,14:00,29.31,18.23,2.306,79.73100000000001,875.9651,914.0,132.7,850.0
03/04/2018,14:10,28.8,19.45,2.03,146.48,875.8197,906.0,134.3,848.0
03/04/2018,14:20,29.65,18.33,1.455,193.87,875.5681,881.0,135.0,834.0
03/04/2018,14:30,29.26,20.27,2.866,127.527,875.0599,870.0,134.5,834.0
03/04/2018,14:40,29.66,16.08,1.081,224.28000000000003,875.0331,838.0,132.3,819.0
03/04/2018,14:50,30.4,16.8,1.518,112.27,874.8542,814.0,130.5,810.0
03/04/2018,15:00,30.37,16.46,2.328,122.6,874.4147,795.2,129.0,806.0
03/04/2018,15:10,30.72,16.29,1.483,212.01,874.2131,765.1,125.9,796.0
03/04/2018,15:20,30.8,15.94,2.682,231.22,874.0082,740.8,123.5,793.7
03/04/2018,15:30,29.48,15.81,2.355,153.11,873.8085,713.6,121.1,785.0
03/04/2018,15:40,30.73,14.58,1.715,147.70999999999998,873.7925,676.7,118.0,770.2
03/04/2018,15:50,31.5,14.48,1.897,136.76,873.9214,644.4,115.2,759.6
03/04/2018,16:00,31.47,14.24,2.13,172.73,873.4353,612.4,112.8,745.6
03/04/2018,16:10,31.95,14.14,1.777,238.26,873.6573,579.0,110.1,735.4
03/04/2018,16:20,31.74,13.53,1.442,164.538,873.3098,538.1,106.2,713.2
03/04/2018,16:30,32.43,14.17,0.93,160.24,873.1022,498.6,100.8,696.9
03/04/2018,16:40,32.04,13.39,1.528,156.82999999999998,872.9547,457.3,97.5,667.5
03/04/2018,16:50,31.83,13.35,2.349,159.866,872.8962,413.2,94.6,629.3
03/04/2018,17:00,31.99,13.25,1.258,162.81,872.8364,367.6,90.0,590.1
03/04/2018,17:10,32.63,13.29,1.679,175.26,872.653,326.5,85.1,558.4
03/04/2018,17:20,31.66,14.51,2.186,216.81,872.847,285.3,80.5,517.6
03/04/2018,17:30,31.18,13.63,2.465,191.13,872.8588,243.1,74.21,471.1
03/04/2018,17:40,31.14,13.8,1.845,202.09,872.6918,198.9,66.44,413.2
03/04/2018,17:50,31.09,14.41,1.603,207.04,872.807,159.6,58.72,361.3
03/04/2018,18:00,30.8,15.09,1.745,184.92,873.1017,123.6,49.93,307.6
03/04/2018,18:10,30.1,15.06,2.044,177.92000000000002,873.2468,91.5,41.03,239.6
03/04/2018,18:20,30.2,15.47,1.181,206.19,873.3448,57.42,29.8,164.4
03/04/2018,18:30,29.75,15.67,1.188,206.42,873.0535,29.73,18.44,81.3
03/04/2018,18:40,28.96,17.95,0.896,241.03000000000003,873.1277,9.31,7.195,1.278
03/04/2018,18:50,28.33,18.53,0.23,279.79,873.67,0.867,0.461,0.0
03/04/2018,19:00,27.82,20.85,0.036,255.16,873.5629,0.0,0.0,0.0
03/04/2018,19:10,27.12,21.36,0.0,303.36,873.2356,0.0,0.0,0.0
03/04/2018,19:20,26.54,22.04,0.626,340.82,873.5779,0.0,0.0,0.0
03/04/2018,19:30,25.82,22.21,2.027,346.64,873.7489,0.0,0.0,0.007
03/04/2018,19:40,25.38,23.99,2.624,316.8208,873.6489,0.0,0.0,0.001
03/04/2018,19:50,25.05,23.99,2.419,318.4268,873.8457,0.0,0.0,0.0
03/04/2018,20:00,24.68,25.08,2.346,321.8586,873.917,0.0,0.0,0.0
03/04/2018,20:10,24.28,24.57,2.178,353.33000000000004,873.9813,0.0,0.0,0.0
03/04/2018,20:20,24.33,24.64,2.179,316.4425,874.0037,0.0,0.0,0.0
03/04/2018,20:30,24.22,24.74,2.825,239.6039,874.1683,0.0,0.0,0.024
03/04/2018,20:40,24.02,24.64,2.698,310.6744,874.2186,0.0,0.0,0.026
03/04/2018,20:50,24.43,23.96,3.078,348.46,874.2998,0.0,0.0,0.286
03/04/2018,21:00,24.24,24.5,2.106,251.3581,874.3903,0.0,0.0,0.0
03/04/2018,21:10,24.05,24.77,1.246,110.5827,874.4228,0.0,0.0,0.0
03/04/2018,21:20,23.97,25.08,1.636,279.5277,874.5373,0.0,0.0,0.007
03/04/2018,21:30,23.81,25.18,2.042,348.65,874.5045,0.0,0.0,0.001
03/04/2018,21:40,23.75,25.59,2.679,355.88,874.5535,0.0,0.0,0.11
03/04/2018,21:50,23.48,25.8,2.148,355.93,874.6683,0.0,0.0,0.0
03/04/2018,22:00,23.55,26.21,2.234,284.16639999999995,874.6105,0.0,0.0,0.001
03/04/2018,22:10,23.43,26.55,1.45,319.78200000000004,874.562,0.0,0.0,0.0
03/04/2018,22:20,23.62,26.41,1.458,109.872,874.7007,0.0,0.0,0.054
03/04/2018,22:30,23.55,27.57,0.301,273.2837,874.7747,0.0,0.0,0.0
03/04/2018,22:40,23.11,27.81,0.112,323.54,874.758,0.0,0.0,0.0
03/04/2018,22:50,23.02,27.84,0.638,287.16,874.9052,0.0,0.0,0.001
03/04/2018,23:00,22.65,29.27,1.284,284.92,874.7906,0.0,0.0,0.0
03/04/2018,23:10,22.4,28.25,1.306,170.18,874.8155,0.0,0.0,0.015
03/04/2018,23:20,22.4,29.55,0.847,115.19,875.0528,0.0,0.0,0.043
03/04/2018,23:30,21.89,31.28,0.334,215.883,875.3145,0.0,0.0,0.0
03/04/2018,23:40,21.44,31.79,1.024,229.526,875.4617,0.0,0.0,0.0
03/04/2018,23:50,21.63,31.01,1.01,50.15,875.5595,0.0,0.0,0.005
03/05/2018,00:00,21.26,34.25,1.232,46.066,875.5267,0.0,0.0,0.051
03/05/2018,00:10,20.51,33.29,0.334,73.936,875.5106,0.0,0.0,0.0
03/05/2018,00:20,20.71,31.59,1.127,95.136,875.1579,0.0,0.0,0.134
03/05/2018,00:30,21.12,33.94,0.387,103.5373,875.0853,0.0,0.0,0.182
03/05/2018,00:40,20.85,33.6,1.54,15.039,875.5442,0.0,0.0,0.161
03/05/2018,00:50,20.6,33.8,2.094,247.3896,875.7231,0.0,0.0,0.191
03/05/2018,01:00,20.72,33.33,2.456,339.31,875.5259,0.0,0.0,0.104
03/05/2018,01:10,20.8,32.75,2.411,335.94,875.3722,0.0,0.0,0.022
03/05/2018,01:20,20.55,33.26,2.383,323.43,875.7314,0.0,0.0,0.005
03/05/2018,01:30,20.98,32.27,1.741,323.77,875.6649,0.0,0.0,0.012
03/05/2018,01:40,21.13,33.36,1.808,245.737,875.372,0.0,0.0,0.073
03/05/2018,01:50,20.54,35.13,1.793,308.99,875.445,0.0,0.0,0.006
03/05/2018,02:00,20.07,34.55,1.998,90.4711,875.1334,0.0,0.0,0.0
03/05/2018,02:10,20.14,34.45,1.297,29.399,875.0696,0.0,0.0,0.0
03/05/2018,02:20,20.27,34.38,1.036,33.483999999999995,875.1013,0.0,0.0,0.028
03/05/2018,02:30,20.29,35.3,0.833,19.984,875.3302,0.0,0.0,0.069
03/05/2018,02:40,20.17,34.01,1.15,49.176,874.987,0.0,0.0,0.0
03/05/2018,02:50,20.2,35.03,0.642,36.3681,875.2313,0.0,0.0,0.0
03/05/2018,03:00,19.97,36.09,0.225,191.369,875.1516,0.0,0.0,0.0
03/05/2018,03:10,19.94,36.7,0.576,277.407,875.1588,0.0,0.0,0.0
03/05/2018,03:20,20.2,33.77,1.304,344.33000000000004,875.1752,0.0,0.0,0.262
03/05/2018,03:30,20.32,35.95,1.988,346.11,875.1831,0.0,0.0,0.366
03/05/2018,03:40,19.72,36.02,2.394,344.73,875.0933,0.0,0.0,0.137
03/05/2018,03:50,19.74,36.05,2.254,340.0,875.1425,0.0,0.0,0.032
03/05/2018,04:00,20.0,35.71,2.06,343.74,875.2324,0.0,0.0,0.001
03/05/2018,04:10,19.13,39.84,2.51,352.82,874.9861,0.0,0.0,0.0
03/05/2018,04:20,18.84,38.81,2.364,315.839,874.7416,0.0,0.0,0.01
03/05/2018,04:30,18.97,38.92,2.1,347.67,874.8889,0.0,0.0,0.017
03/05/2018,04:40,18.77,39.36,2.039,350.1,874.7416,0.0,0.0,0.0
03/05/2018,04:50,18.61,39.15,1.448,248.6957,874.9471,0.0,0.0,0.002
03/05/2018,05:00,18.83,39.87,1.34,250.8838,875.3389,0.0,0.0,0.063
03/05/2018,05:10,18.03,42.05,2.108,179.8023,875.1579,0.0,0.0,0.0
03/05/2018,05:20,18.07,38.51,1.458,344.5,874.8971,0.0,0.0,0.048
03/05/2018,05:30,18.41,41.74,1.554,339.62,875.1433,0.0,0.0,0.097
03/05/2018,05:40,17.49,42.29,1.85,338.59000000000003,875.1252,0.0,0.0,0.0
03/05/2018,05:50,17.48,42.7,1.541,333.86,875.1599,0.0,0.0,0.0
03/05/2018,06:00,17.43,42.7,1.769,333.28000000000003,875.6821,0.0,0.0,0.015
03/05/2018,06:10,17.2,41.61,2.073,325.61,875.6169,0.0,0.0,0.019
03/05/2018,06:20,17.64,40.18,1.605,328.05,875.7644,0.0,0.0,0.023
03/05/2018,06:30,17.29,42.29,1.808,333.56,875.8867,0.0,0.0,0.0
03/05/2018,06:40,17.1,43.21,2.451,341.62,875.8044,0.0,0.0,0.111
03/05/2018,06:50,17.16,43.31,2.944,351.13,875.5595,0.0,0.0,0.236
03/05/2018,07:00,16.95,43.72,3.239,349.1,875.7242,2.005,1.469,0.028
03/05/2018,07:10,16.95,43.96,2.841,344.56,875.903,11.36,8.77,15.95
03/05/2018,07:20,17.04,42.97,2.764,280.47020000000003,876.3698,31.45,18.63,125.4
03/05/2018,07:30,17.25,43.31,2.813,144.991,876.5411,59.33,28.32,227.8
03/05/2018,07:40,17.32,42.84,2.001,340.97,876.6474,91.8,36.75,317.2
03/05/2018,07:50,17.72,42.43,1.764,342.76,876.7046,126.0,44.6,385.0
03/05/2018,08:00,18.35,39.36,1.118,179.055,876.4593,161.7,51.56,440.8
03/05/2018,08:10,19.68,35.37,0.242,208.477,876.8601,201.1,57.67,498.0
03/05/2018,08:20,21.33,33.19,0.0,237.08,876.671,240.9,62.81,547.0
03/05/2018,08:30,21.46,34.01,0.0,275.69,876.6975,282.6,67.77,590.1
03/05/2018,08:40,22.52,31.79,0.032,127.069,877.1297,325.5,72.16,632.3
03/05/2018,08:50,23.36,32.03,0.22,106.86,877.0811,368.9,75.95,668.5
03/05/2018,09:00,23.62,33.33,0.69,116.58,877.0889,410.6,79.89,693.0
03/05/2018,09:10,24.28,32.44,0.855,145.48,877.1135,452.2,83.0,719.2
03/05/2018,09:20,24.61,34.49,1.249,155.03,877.1851,490.8,86.6,734.3
03/05/2018,09:30,24.55,35.95,1.801,167.01,877.1173,537.9,89.0,768.9
03/05/2018,09:40,24.29,35.3,1.522,121.99,877.0395,578.7,90.5,794.0
03/05/2018,09:50,24.8,36.49,1.601,81.3737,877.0159,618.8,92.1,816.0
03/05/2018,10:00,24.7,33.28,1.415,170.98,877.0483,652.0,94.8,824.0
03/05/2018,10:10,25.8,34.72,1.446,171.53,876.981,680.4,98.1,827.0
03/05/2018,10:20,24.54,33.52,2.071,153.84,876.9586,715.6,100.1,839.0
03/05/2018,10:30,25.52,32.5,1.863,183.1,876.894,748.6,101.6,853.0
03/05/2018,10:40,25.89,33.12,2.008,149.06,876.9341,775.4,104.0,858.0
03/05/2018,10:50,25.67,33.15,2.128,155.61,876.8643,804.0,107.3,864.0
03/05/2018,11:00,26.23,32.43,2.454,165.99,876.8312,830.0,110.3,869.0
03/05/2018,11:10,26.08,30.8,1.963,185.17,876.7335,853.0,114.0,872.0
03/05/2018,11:20,26.34,31.85,1.943,181.01,876.6104,875.0,115.6,878.0
03/05/2018,11:30,26.87,31.24,2.347,174.46999999999997,876.4128,894.0,116.7,882.0
03/05/2018,11:40,26.48,30.25,1.32,207.83,876.3003,912.0,117.6,887.0
03/05/2018,11:50,26.82,30.9,2.207,187.9,876.2144,932.0,119.2,892.0
03/05/2018,12:00,27.1,28.41,1.632,183.82,875.9929,934.0,124.7,878.0
03/05/2018,12:10,27.44,28.21,2.005,178.32999999999998,875.7458,949.0,127.7,881.0
03/05/2018,12:20,27.54,27.29,2.327,221.98,875.5647,957.0,134.7,872.0
03/05/2018,12:30,27.88,26.61,1.968,236.28000000000003,875.2084,961.0,141.1,864.0
03/05/2018,12:40,28.17,25.31,1.297,148.422,875.1826,951.0,146.7,844.0
03/05/2018,12:50,29.18,23.75,1.447,82.086,874.8271,955.0,152.5,839.0
03/05/2018,13:00,28.5,26.51,2.518,96.628,874.7952,944.0,154.1,820.0
03/05/2018,13:10,28.13,25.24,1.862,146.5137,874.5963,936.0,153.9,813.0
03/05/2018,13:20,28.74,24.73,1.662,144.52,874.4053,927.0,155.0,806.0
03/05/2018,13:30,29.14,24.5,2.27,144.27,874.1127,918.0,155.8,797.4
03/05/2018,13:40,30.05,23.47,1.044,98.078,873.9997,917.0,155.0,806.0
03/05/2018,13:50,29.11,24.36,1.457,156.14,873.785,905.0,153.5,798.2
03/05/2018,14:00,30.14,23.13,2.398,203.38,873.7191,887.0,152.5,790.4
03/05/2018,14:10,29.92,21.94,1.904,204.7482,873.4003,876.0,150.3,790.6
03/05/2018,14:20,30.27,22.38,1.512,150.2,873.2992,864.0,148.8,792.7
03/05/2018,14:30,30.69,22.14,2.046,161.91,873.001,836.0,148.0,775.5
03/05/2018,14:40,30.41,21.19,2.051,170.376,872.8519,826.0,143.9,782.9
03/05/2018,14:50,30.44,21.12,2.704,155.82,872.5883,807.0,140.5,783.9
03/05/2018,15:00,31.36,18.74,0.851,156.99,872.4636,784.6,137.4,782.4
03/05/2018,15:10,31.72,19.73,1.994,154.81,872.3554,771.7,136.7,787.9
03/05/2018,15:20,31.65,20.2,2.735,200.157,872.1298,739.3,137.4,766.5
03/05/2018,15:30,32.29,18.57,0.925,136.42000000000002,871.8629,702.0,137.6,743.8
03/05/2018,15:40,32.83,19.04,1.521,141.63,871.7712,669.9,138.5,723.6
03/05/2018,15:50,32.7,18.84,1.87,151.97,871.7537,639.0,139.6,702.1
03/05/2018,16:00,32.87,17.24,1.658,146.22,871.3849,604.7,141.6,676.8
03/05/2018,16:10,32.61,18.09,2.302,120.47,871.3309,586.7,144.4,675.0
03/05/2018,16:20,33.03,16.08,1.505,125.42,871.5273,537.5,142.7,631.5
03/05/2018,16:30,33.24,17.21,2.117,128.76,871.5559,492.7,144.8,584.3
03/05/2018,16:40,33.11,15.74,2.061,114.24,871.5283,466.5,153.5,554.0
03/05/2018,16:50,33.23,16.28,1.758,121.09,871.5129,440.5,165.6,516.2
03/05/2018,17:00,33.28,17.0,2.014,154.38,871.3862,421.3,176.3,490.7
03/05/2018,17:10,32.86,15.23,1.875,169.23,871.2885,396.9,188.8,437.2
03/05/2018,17:20,32.86,16.32,2.838,200.32,871.2874,372.0,192.5,394.5
03/05/2018,17:30,32.04,15.88,2.61,195.51,871.2686,315.8,166.2,332.6
03/05/2018,17:40,31.95,16.35,1.702,154.37,871.2897,231.7,129.6,240.1
03/05/2018,17:50,31.74,16.39,2.558,146.77,871.2733,161.2,101.1,136.4
03/05/2018,18:00,31.0,18.06,2.15,168.38,871.404,102.0,73.9,53.06
03/05/2018,18:10,31.16,16.11,1.473,182.81,871.4896,103.0,63.14,157.2
03/05/2018,18:20,31.12,17.85,1.787,174.91,871.3692,74.01,53.85,60.96
03/05/2018,18:30,30.24,17.89,2.257,184.12,871.4105,39.84,30.09,26.49
03/05/2018,18:40,29.95,18.43,2.041,155.94,871.3656,16.82,13.38,0.031
03/05/2018,18:50,29.71,18.84,1.264,165.54000000000002,871.2445,2.623,1.682,0.0
03/05/2018,19:00,29.41,19.59,1.091,188.27,871.5344,0.062,0.0,0.0
03/05/2018,19:10,29.13,19.93,0.403,178.49,871.6791,0.0,0.0,0.0
03/05/2018,19:20,28.94,20.1,0.227,195.43,871.7158,0.0,0.0,0.0
03/05/2018,19:30,28.66,21.57,0.0,213.21,871.8666,0.0,0.0,0.0
03/05/2018,19:40,28.22,22.76,0.0,285.06,871.7776,0.0,0.0,0.0
03/05/2018,19:50,27.81,23.27,0.798,320.37,871.9262,0.0,0.0,0.0
03/05/2018,20:00,27.19,25.11,1.934,326.54,871.9067,0.0,0.0,0.0
03/05/2018,20:10,27.18,24.63,2.184,349.21,872.1055,0.0,0.0,0.007
03/05/2018,20:20,25.84,26.71,2.914,349.8,872.579,0.0,0.0,0.0
03/05/2018,20:30,25.73,26.0,2.604,314.0412,872.5018,0.0,0.0,0.008
03/05/2018,20:40,25.56,26.95,2.101,249.0187,872.4174,0.0,0.0,0.0
03/05/2018,20:50,25.18,27.19,2.234,247.9251,872.7415,0.0,0.0,0.002
03/05/2018,21:00,24.93,28.28,1.99,313.7632,872.8118,0.0,0.0,0.001
03/05/2018,21:10,24.85,28.49,1.674,55.5301,873.0258,0.0,0.0,0.0
03/05/2018,21:20,24.85,28.73,1.295,146.6059,873.0992,0.0,0.0,0.0
03/05/2018,21:30,24.64,29.03,1.431,217.839,873.3081,0.0,0.0,0.0
03/05/2018,21:40,24.56,28.97,1.34,178.5163,873.2938,0.0,0.0,0.0
03/05/2018,21:50,24.53,30.06,0.815,248.6565,873.2451,0.0,0.0,0.0
03/05/2018,22:00,24.01,31.52,1.354,119.4728,873.2858,0.0,0.0,0.0
03/05/2018,22:10,23.76,31.25,1.288,212.36,873.4495,0.0,0.0,0.0
03/05/2018,22:20,23.86,31.08,0.349,266.51,873.4417,0.0,0.0,0.048
03/05/2018,22:30,23.93,29.89,1.192,283.33000000000004,873.6128,0.0,0.0,0.125
03/05/2018,22:40,23.82,31.11,0.483,272.52,873.6462,0.0,0.0,0.003
03/05/2018,22:50,23.54,31.79,0.0,236.7096,873.777,0.0,0.0,0.0
03/05/2018,23:00,23.25,31.73,0.976,81.244,873.8912,0.0,0.0,0.057
03/05/2018,23:10,23.28,31.59,0.883,162.38,873.8582,0.0,0.0,0.123
03/05/2018,23:20,23.32,34.25,0.697,155.78,873.9241,0.0,0.0,0.053
03/05/2018,23:30,22.79,34.96,0.374,226.42,874.0793,0.0,0.0,0.05
03/05/2018,23:40,22.94,34.38,0.341,246.5256,874.26,0.0,0.0,0.069
03/05/2018,23:50,22.79,34.86,1.239,208.767,874.423,0.0,0.0,0.039
03/06/2018,00:00,22.66,34.49,1.662,130.79500000000002,874.5618,0.0,0.0,0.084
03/06/2018,00:10,22.73,37.42,0.546,120.605,874.5448,0.0,0.0,0.0
03/06/2018,00:20,22.82,40.14,0.156,103.533,874.5377,0.0,0.0,0.0
03/06/2018,00:30,22.6,41.1,0.537,132.51,874.5616,0.0,0.0,0.009
03/06/2018,00:40,22.65,41.54,0.011,187.083,874.5622,0.0,0.0,0.0
03/06/2018,00:50,22.68,41.44,0.027,29.464,874.643,0.0,0.0,0.0
03/06/2018,01:00,22.44,41.78,1.002,181.5881,874.4966,0.0,0.0,0.275
03/06/2018,01:10,22.09,43.14,1.706,213.2163,874.201,0.0,0.0,0.0
03/06/2018,01:20,21.24,45.77,2.221,273.754,874.268,0.0,0.0,0.0
03/06/2018,01:30,21.09,43.11,2.055,331.77,874.4554,0.0,0.0,0.0
03/06/2018,01:40,21.36,43.69,2.321,336.47,874.57,0.0,0.0,0.009
03/06/2018,01:50,21.34,44.54,2.283,337.27,874.2998,0.0,0.0,0.02
03/06/2018,02:00,20.84,46.62,2.275,343.65,874.4795,0.0,0.0,0.0
03/06/2018,02:10,20.28,47.84,2.526,338.56,874.4561,0.0,0.0,0.0
03/06/2018,02:20,19.69,48.9,2.351,331.03000000000003,874.5047,0.0,0.0,0.0
03/06/2018,02:30,20.54,45.9,2.161,338.98,874.398,0.0,0.0,0.269
03/06/2018,02:40,20.26,47.95,2.184,338.34000000000003,874.3079,0.0,0.0,0.028
03/06/2018,02:50,19.82,48.83,2.05,329.71,874.3247,0.0,0.0,0.0
03/06/2018,03:00,19.68,48.46,1.944,331.16,874.0049,0.0,0.0,0.0
03/06/2018,03:10,19.66,49.24,2.066,336.56,874.2191,0.0,0.0,0.0
03/06/2018,03:20,19.47,48.66,2.3,350.14,874.2916,0.0,0.0,0.0
03/06/2018,03:30,19.34,49.38,2.055,354.32,874.2592,0.0,0.0,0.0
03/06/2018,03:40,19.19,49.28,1.726,276.381,874.194,0.0,0.0,0.0
03/06/2018,03:50,19.14,49.48,1.496,333.36,874.3246,0.0,0.0,0.024
03/06/2018,04:00,18.94,46.82,1.904,332.1,874.4146,0.0,0.0,0.083
03/06/2018,04:10,19.38,47.57,1.819,334.61,874.0702,0.0,0.0,0.198
03/06/2018,04:20,18.96,48.97,2.013,334.0,874.2848,0.0,0.0,0.0
03/06/2018,04:30,18.69,49.65,2.036,338.1,874.6683,0.0,0.0,0.0
03/06/2018,04:40,18.86,49.31,2.026,346.51,874.7253,0.0,0.0,0.026
03/06/2018,04:50,18.65,50.57,2.208,349.17,874.553,0.0,0.0,0.0
03/06/2018,05:00,18.38,50.2,2.338,41.9642,874.4146,0.0,0.0,0.035
03/06/2018,05:10,18.74,50.47,2.318,22.019,874.8561,0.0,0.0,0.073
03/06/2018,05:20,18.88,50.98,1.8,23.596,874.6108,0.0,0.0,0.013
03/06/2018,05:30,19.05,51.59,1.568,14.3323,874.5127,0.0,0.0,0.055
03/06/2018,05:40,19.08,50.5,1.493,144.3246,874.5135,0.0,0.0,0.076
03/06/2018,05:50,19.13,50.09,1.739,345.01,874.9219,0.0,0.0,0.055
03/06/2018,06:00,19.42,49.82,1.968,351.49,874.7324,0.0,0.0,0.182
03/06/2018,06:10,19.02,51.56,2.081,353.63,874.6683,0.0,0.0,0.0
03/06/2018,06:20,18.35,52.55,2.085,41.5157,874.8651,0.0,0.0,0.0
03/06/2018,06:30,18.29,52.07,2.111,251.674,875.1582,0.0,0.0,0.0
03/06/2018,06:40,18.5,51.97,2.016,350.95,875.208,0.0,0.0,0.018
03/06/2018,06:50,18.16,53.09,1.811,249.3096,874.9873,0.0,0.0,0.055
03/06/2018,07:00,18.25,51.73,2.148,313.714,875.3479,1.942,1.756,0.246
03/06/2018,07:10,18.57,49.99,2.161,211.3404,875.4363,12.16,10.35,8.43
03/06/2018,07:20,18.8,49.62,1.985,179.3832,875.3141,31.07,22.59,59.56
03/06/2018,07:30,19.15,48.29,1.435,341.66,875.6259,55.72,35.58,120.5
03/06/2018,07:40,19.5,47.3,1.388,351.68,876.0505,85.1,48.92,177.6
03/06/2018,07:50,19.88,46.79,1.542,80.75919999999999,875.7397,118.1,61.98,234.3
03/06/2018,08:00,20.28,45.97,0.983,116.1487,876.2139,152.0,74.48,277.1
03/06/2018,08:10,20.86,44.37,0.639,109.435,876.1395,188.8,85.2,325.1
03/06/2018,08:20,21.91,40.79,0.0,79.16499999999999,876.1085,225.7,94.7,368.7
03/06/2018,08:30,22.76,41.98,0.64,102.274,876.1556,265.6,104.0,408.3
03/06/2018,08:40,23.06,41.47,0.692,162.57999999999998,876.2715,303.6,111.1,443.8
03/06/2018,08:50,23.44,40.93,1.199,184.74,876.4189,341.2,118.4,471.4
03/06/2018,09:00,23.77,39.29,0.878,170.47,876.2858,381.5,125.6,502.6
03/06/2018,09:10,23.99,37.18,0.86,178.18,876.5665,424.7,134.1,534.4
03/06/2018,09:20,24.57,38.27,1.423,204.49,876.4044,466.9,142.2,559.6
03/06/2018,09:30,24.03,37.17,1.088,157.54000000000002,876.4988,508.6,149.7,582.7
03/06/2018,09:40,25.02,36.15,1.277,195.19,876.5498,541.3,161.0,584.1
03/06/2018,09:50,25.01,37.04,1.813,239.7,876.6115,582.5,172.2,595.2
03/06/2018,10:00,24.21,36.32,1.482,197.2,876.6727,575.0,166.9,562.8
03/06/2018,10:10,24.89,38.02,1.65,198.25,876.5452,643.0,169.5,635.6
03/06/2018,10:20,24.37,37.48,2.095,151.18,876.5568,679.7,172.3,655.8
03/06/2018,10:30,25.91,33.42,1.799,168.6371,876.5641,705.4,175.1,665.9
03/06/2018,10:40,26.13,34.31,1.476,182.07,876.4218,736.9,176.9,683.5
03/06/2018,10:50,26.49,33.08,1.557,116.281,876.5488,766.8,176.6,702.0
03/06/2018,11:00,26.78,31.79,1.104,140.94310000000002,876.2681,794.9,176.0,718.9
03/06/2018,11:10,27.68,31.62,1.154,95.843,876.2504,821.0,175.7,735.8
03/06/2018,11:20,27.73,32.84,1.289,134.557,876.1382,843.0,175.5,745.5
03/06/2018,11:30,26.78,32.23,1.025,187.88,876.1327,858.0,177.7,745.8
03/06/2018,11:40,27.71,31.75,1.961,175.98,875.8204,885.0,177.9,763.0
03/06/2018,11:50,27.06,30.56,1.86,176.739,875.6469,901.0,174.8,775.5
03/06/2018,12:00,29.13,29.3,1.042,178.687,875.6744,910.0,171.4,784.6
03/06/2018,12:10,28.86,29.81,1.45,98.476,875.4224,918.0,167.6,786.5
03/06/2018,12:20,28.93,27.5,1.364,96.772,875.1147,929.0,167.9,790.6
03/06/2018,12:30,28.66,30.02,2.087,91.801,874.92,934.0,171.4,786.6
03/06/2018,12:40,28.35,28.55,1.549,131.411,874.9387,948.0,175.8,792.4
03/06/2018,12:50,29.54,28.55,2.627,125.473,874.6203,959.0,192.1,777.8
03/06/2018,13:00,29.27,27.12,1.453,229.1,874.4668,907.0,211.6,686.9
03/06/2018,13:10,29.98,26.1,1.075,148.1,874.2905,918.0,218.1,693.6
03/06/2018,13:20,30.69,26.1,1.922,160.402,874.1136,891.0,214.6,666.7
03/06/2018,13:30,30.19,26.0,2.307,159.76,873.7923,909.0,206.8,701.5
03/06/2018,13:40,30.24,26.06,2.749,181.26,873.6348,912.0,200.7,719.5
03/06/2018,13:50,30.77,27.19,1.71,202.83,873.2894,923.0,190.3,759.3
03/06/2018,14:00,29.72,24.73,2.044,207.63,873.3625,939.0,172.9,812.0
03/06/2018,14:10,30.71,26.03,2.687,126.288,873.1505,908.0,159.7,805.0
03/06/2018,14:20,30.68,24.56,1.95,191.13,873.0893,840.0,152.1,745.6
03/06/2018,14:30,31.03,24.29,2.024,194.56,872.814,871.0,147.5,805.0
03/06/2018,14:40,31.19,23.68,2.195,210.52,872.5022,839.0,144.7,786.5
03/06/2018,14:50,31.35,22.62,1.896,210.015,872.445,833.0,140.1,805.0
03/06/2018,15:00,30.46,23.64,2.641,145.45700000000002,872.1039,822.0,133.9,822.0
03/06/2018,15:10,32.09,21.53,1.686,187.88,871.7051,786.9,128.2,814.0
03/06/2018,15:20,32.24,20.68,2.485,154.01,871.6631,768.5,124.4,819.0
03/06/2018,15:30,32.78,19.83,1.678,191.89,871.6652,736.5,119.8,814.0
03/06/2018,15:40,32.56,20.0,2.552,144.87,871.6427,708.0,116.9,808.0
03/06/2018,15:50,32.8,18.47,2.688,156.76,871.2042,666.9,114.0,786.1
03/06/2018,16:00,33.33,18.7,2.716,138.36,871.0737,625.1,111.1,764.2
03/06/2018,16:10,33.98,16.97,1.432,147.38000000000002,871.2296,582.3,105.9,743.8
03/06/2018,16:20,34.06,15.67,2.5,173.49,871.112,527.2,100.5,699.1
03/06/2018,16:30,33.73,16.08,2.553,133.29000000000002,871.1548,495.4,95.5,694.9
03/06/2018,16:40,33.92,14.58,1.932,105.17,871.1714,458.4,91.3,681.4
03/06/2018,16:50,34.21,15.74,1.72,192.48,871.1118,420.2,86.2,661.7
03/06/2018,17:00,33.83,15.47,2.083,232.13,871.0214,385.3,81.4,650.5
03/06/2018,17:10,34.1,14.45,1.274,204.0,871.0658,341.9,75.76,622.2
03/06/2018,17:20,34.81,13.9,0.326,126.054,871.014,300.2,69.7,595.0
03/06/2018,17:30,34.43,14.89,1.241,137.925,871.1082,255.6,64.25,541.8
03/06/2018,17:40,34.54,14.75,0.562,131.85,871.1906,214.6,58.67,499.3
03/06/2018,17:50,34.04,15.43,1.179,139.07,871.0963,176.8,52.81,452.4
03/06/2018,18:00,33.99,15.74,0.789,193.81,871.1875,135.8,45.11,388.5
03/06/2018,18:10,32.89,17.95,1.799,163.2,871.1602,95.7,37.02,297.6
03/06/2018,18:20,32.03,18.06,1.528,115.68999999999998,871.1475,64.28,28.11,223.6
03/06/2018,18:30,31.52,19.86,0.949,109.15,871.2422,24.41,16.03,46.49
03/06/2018,18:40,30.4,20.88,0.661,136.87,871.2548,9.66,6.62,6.12
03/06/2018,18:50,29.89,21.16,0.646,166.946,871.2743,1.064,0.397,0.0
03/06/2018,19:00,29.64,22.14,0.0,86.307,871.3373,0.0,0.0,0.0
03/06/2018,19:10,28.96,23.71,0.29,83.622,871.2654,0.0,0.0,0.0
03/06/2018,19:20,28.56,24.05,0.245,24.9399,871.4437,0.0,0.0,0.0
03/06/2018,19:30,28.05,26.23,1.201,176.82049999999998,871.5093,0.0,0.0,0.0
03/06/2018,19:40,27.08,26.23,2.23,344.0,871.688,0.0,0.0,0.0
03/06/2018,19:50,26.8,27.09,2.54,343.58000000000004,871.8398,0.0,0.0,0.0
03/06/2018,20:00,26.37,27.7,2.383,344.46,871.9825,0.0,0.0,0.0
03/06/2018,20:10,25.89,27.56,2.192,247.108,872.0906,0.0,0.0,0.0
03/06/2018,20:20,25.8,27.09,1.219,330.55,872.5037,0.0,0.0,0.021
03/06/2018,20:30,25.86,27.23,2.174,249.7689,872.5851,0.0,0.0,0.07
03/06/2018,20:40,25.31,27.77,1.772,317.6463,872.7324,0.0,0.0,0.0
03/06/2018,20:50,25.07,28.11,2.174,109.8018,872.8452,0.0,0.0,0.004
03/06/2018,21:00,24.8,28.32,2.055,336.1,872.9705,0.0,0.0,0.0
03/06/2018,21:10,24.98,27.84,1.428,274.8365,872.9332,0.0,0.0,0.0
03/06/2018,21:20,25.0,28.83,1.006,331.32,873.0162,0.0,0.0,0.002
03/06/2018,21:30,24.5,28.01,1.27,339.64,873.213,0.0,0.0,0.0
03/06/2018,21:40,24.56,30.29,1.606,336.91,873.3024,0.0,0.0,0.017
03/06/2018,21:50,23.77,30.12,1.855,247.4967,873.5069,0.0,0.0,0.0
03/06/2018,22:00,23.83,31.86,1.22,307.82,873.5891,0.0,0.0,0.001
03/06/2018,22:10,23.62,30.47,1.174,98.4176,873.7439,0.0,0.0,0.0
03/06/2018,22:20,23.78,29.92,0.763,157.0283,873.7686,0.0,0.0,0.055
03/06/2018,22:30,24.39,29.31,0.715,29.072000000000003,873.866,0.0,0.0,0.227
03/06/2018,22:40,24.64,28.93,1.899,38.005,873.8591,0.0,0.0,0.418
03/06/2018,22:50,24.79,29.07,1.385,138.781,873.9896,0.0,0.0,0.302
03/06/2018,23:00,24.19,30.33,1.052,326.21,874.0954,0.0,0.0,0.0
03/06/2018,23:10,23.93,30.98,0.879,312.73,874.1124,0.0,0.0,0.0
03/06/2018,23:20,23.56,31.08,1.062,329.53000000000003,874.1689,0.0,0.0,0.0
03/06/2018,23:30,23.24,32.34,1.123,107.6917,874.1611,0.0,0.0,0.0
03/06/2018,23:40,22.92,33.67,0.779,112.226,874.2513,0.0,0.0,0.0
03/06/2018,23:50,22.45,33.4,0.318,49.116,874.3492,0.0,0.0,0.004
03/07/2018,00:00,22.54,34.42,0.769,53.301,874.2506,0.0,0.0,0.082
03/07/2018,00:10,22.91,32.78,1.076,35.977,874.3333,0.0,0.0,0.348
03/07/2018,00:20,23.29,32.1,1.297,36.623000000000005,874.4965,0.0,0.0,0.286
03/07/2018,00:30,23.29,31.28,1.326,38.492,874.5445,0.0,0.0,0.196
03/07/2018,00:40,23.49,31.76,1.632,26.757,874.4319,0.0,0.0,0.213
03/07/2018,00:50,23.3,32.03,0.941,11.6645,874.5045,0.0,0.0,0.075
03/07/2018,01:00,23.07,32.75,0.696,42.0484,874.3896,0.0,0.0,0.0
03/07/2018,01:10,22.95,32.58,1.729,61.919,874.3577,0.0,0.0,0.065
03/07/2018,01:20,22.81,32.99,0.703,340.91,874.5211,0.0,0.0,0.0
03/07/2018,01:30,22.75,32.65,1.141,22.9692,874.717,0.0,0.0,0.1
03/07/2018,01:40,22.85,34.15,1.113,212.6116,874.4962,0.0,0.0,0.153
03/07/2018,01:50,22.5,33.94,0.991,340.23,874.5945,0.0,0.0,0.001
03/07/2018,02:00,22.6,33.46,1.645,312.82,874.3812,0.0,0.0,0.188
03/07/2018,02:10,22.87,34.66,2.009,338.33000000000004,874.358,0.0,0.0,0.224
03/07/2018,02:20,22.52,36.43,2.108,345.92,874.3325,0.0,0.0,0.005
03/07/2018,02:30,21.57,36.8,2.26,346.55,874.2264,0.0,0.0,0.0
03/07/2018,02:40,21.63,38.13,1.98,343.24,874.1524,0.0,0.0,0.0
03/07/2018,02:50,21.45,37.52,1.979,341.61,874.3907,0.0,0.0,0.0
03/07/2018,03:00,21.59,35.64,1.79,279.614,874.5211,0.0,0.0,0.052
03/07/2018,03:10,21.36,39.26,1.602,114.5133,874.5781,0.0,0.0,0.088
03/07/2018,03:20,20.71,40.04,1.448,343.42,874.3981,0.0,0.0,0.009
03/07/2018,03:30,20.43,37.35,2.288,338.26,874.5781,0.0,0.0,0.082
03/07/2018,03:40,20.93,37.31,2.943,331.91,874.5699,0.0,0.0,0.31
03/07/2018,03:50,20.96,35.99,2.446,118.0753,874.2665,0.0,0.0,0.2
03/07/2018,04:00,20.91,38.98,1.101,29.949,874.5132,0.0,0.0,0.055
03/07/2018,04:10,20.79,39.29,1.486,34.116,874.4725,0.0,0.0,0.105
03/07/2018,04:20,20.73,38.88,1.232,126.465,874.6517,0.0,0.0,0.03
03/07/2018,04:30,21.03,37.11,0.831,124.2467,874.7001,0.0,0.0,0.003
03/07/2018,04:40,20.91,38.85,0.934,88.0016,874.5048,0.0,0.0,0.0
03/07/2018,04:50,20.59,39.67,0.436,191.1263,874.6273,0.0,0.0,0.0
03/07/2018,05:00,20.52,38.85,0.784,204.7338,874.8977,0.0,0.0,0.0
03/07/2018,05:10,20.8,39.12,1.15,243.308,874.9706,0.0,0.0,0.006
03/07/2018,05:20,20.62,40.04,1.74,312.466,874.9708,0.0,0.0,0.258
03/07/2018,05:30,20.33,39.29,1.868,343.44,875.1916,0.0,0.0,0.146
03/07/2018,05:40,20.38,40.38,1.991,345.74,875.0606,0.0,0.0,0.075
03/07/2018,05:50,19.82,42.66,2.241,347.81,875.2892,0.0,0.0,0.032
03/07/2018,06:00,19.95,41.64,2.183,146.7001,875.4705,0.0,0.0,0.1
03/07/2018,06:10,19.68,43.07,2.186,316.31460000000004,875.5595,0.0,0.0,0.001
03/07/2018,06:20,19.43,43.55,2.59,319.93,875.5271,0.0,0.0,0.0
03/07/2018,06:30,18.78,46.62,2.435,303.69,875.8051,0.0,0.0,0.0
03/07/2018,06:40,19.09,42.63,0.418,180.2515,875.9524,0.0,0.0,0.055
03/07/2018,06:50,19.46,42.53,0.305,319.4567,875.7798,0.0,0.0,0.024
03/07/2018,07:00,19.17,42.19,1.37,111.9537,875.9851,3.04,2.747,0.208
03/07/2018,07:10,19.31,42.36,1.109,333.48,876.1735,16.97,14.35,3.644
03/07/2018,07:20,19.34,41.17,1.249,306.5,876.2877,43.06,32.94,51.32
03/07/2018,07:30,19.8,42.12,0.782,332.25,876.5009,75.37,52.16,114.6
03/07/2018,07:40,19.64,43.89,1.418,320.05,876.8112,105.3,65.52,172.0
03/07/2018,07:50,19.82,44.33,1.495,302.35,876.8921,135.9,79.5,217.1
03/07/2018,08:00,20.22,43.65,0.855,289.21,876.8691,146.4,82.2,205.3
03/07/2018,08:10,20.87,43.35,1.226,280.08000000000004,877.1293,199.4,92.5,321.3
03/07/2018,08:20,21.55,42.05,1.543,259.99,877.3426,248.5,115.2,360.7
03/07/2018,08:30,22.34,43.82,1.48,237.53000000000003,877.5231,292.8,127.5,405.0
03/07/2018,08:40,22.51,43.86,1.994,230.44,877.5966,371.6,167.5,435.1
03/07/2018,08:50,22.89,44.57,2.204,222.08,877.6938,408.1,202.4,380.6
03/07/2018,09:00,22.62,43.76,2.771,205.88,877.6447,270.6,206.9,33.97
03/07/2018,09:10,23.09,39.22,2.525,211.58,877.7272,310.1,209.2,100.2
03/07/2018,09:20,23.25,38.44,2.899,223.05,877.8178,329.4,211.5,123.1
03/07/2018,09:30,23.45,35.34,2.673,188.51,877.9226,506.6,247.1,365.2
03/07/2018,09:40,24.05,38.47,2.26,179.32,878.0992,583.0,307.9,347.7
03/07/2018,09:50,24.16,34.55,2.965,177.75,877.8036,588.0,279.2,377.1
03/07/2018,10:00,24.54,33.94,3.075,160.17000000000002,877.7889,639.3,201.7,594.3
03/07/2018,10:10,24.91,33.32,2.881,176.93,877.8931,641.9,183.6,608.4
03/07/2018,10:20,25.56,32.3,2.305,201.3,877.8253,673.1,187.6,623.3
03/07/2018,10:30,25.08,35.06,3.264,173.91,877.6879,702.2,196.6,623.9
03/07/2018,10:40,25.33,33.39,2.492,188.09,877.7463,729.0,204.5,627.8
03/07/2018,10:50,25.51,33.05,3.24,175.14,877.7141,762.9,211.0,642.3
03/07/2018,11:00,25.69,32.37,3.625,221.31,877.5896,784.1,214.1,646.4
03/07/2018,11:10,26.29,32.06,2.071,185.5,877.5065,802.0,215.6,653.0
03/07/2018,11:20,26.21,30.97,2.919,145.63,877.5476,826.0,216.6,664.1
03/07/2018,11:30,27.11,29.57,1.915,183.9,877.4152,842.0,218.7,667.8
03/07/2018,11:40,27.21,29.47,2.413,201.702,877.3528,861.0,221.5,675.2
03/07/2018,11:50,27.39,28.07,1.272,177.55,877.196,878.0,221.7,686.2
03/07/2018,12:00,28.47,27.8,1.601,191.93,876.972,895.0,220.9,697.7
03/07/2018,12:10,28.0,28.18,2.276,154.193,876.6519,911.0,219.2,707.3
03/07/2018,12:20,28.38,27.39,0.842,122.06199999999998,876.5147,916.0,218.6,709.7
03/07/2018,12:30,28.25,24.94,1.195,138.19,876.3077,925.0,220.3,713.6
03/07/2018,12:40,30.19,24.36,1.315,96.088,876.1188,925.0,223.5,706.0
03/07/2018,12:50,30.22,22.66,1.157,90.9488,876.019,912.0,230.7,679.3
03/07/2018,13:00,29.5,26.0,1.392,87.969,875.6533,915.0,232.4,679.0
03/07/2018,13:10,28.87,24.67,1.745,121.16,875.575,911.0,233.9,672.6
03/07/2018,13:20,29.77,23.34,1.713,123.467,875.3933,903.0,231.1,671.5
03/07/2018,13:30,30.22,22.86,2.072,178.214,875.1064,899.0,232.9,666.6
03/07/2018,13:40,30.46,22.62,1.827,216.51,874.8776,891.0,236.3,660.8
03/07/2018,13:50,31.32,23.78,1.677,227.28000000000003,874.6302,885.0,239.1,659.0
03/07/2018,14:00,30.52,24.16,1.943,199.44,874.4116,882.0,247.5,648.1
03/07/2018,14:10,30.34,22.66,2.658,198.26,874.231,852.0,273.7,582.9
03/07/2018,14:20,30.44,24.02,3.039,233.54,874.1596,532.9,255.2,226.3
03/07/2018,14:30,29.67,23.61,2.168,185.0,874.0896,403.9,237.1,118.1
03/07/2018,14:40,29.79,24.6,1.784,173.16,873.8365,246.2,207.1,2.197
03/07/2018,14:50,29.33,24.19,2.844,165.434,873.5893,247.6,216.6,0.175
03/07/2018,15:00,29.35,23.88,0.877,273.43,873.7259,215.9,188.8,0.355
03/07/2018,15:10,29.29,24.7,1.501,268.62,873.2752,191.0,165.5,0.232
03/07/2018,15:20,28.99,24.36,1.613,286.8507,873.4937,168.8,144.6,0.342
03/07/2018,15:30,28.7,29.06,2.71,251.7376,873.2482,195.4,166.6,1.394
03/07/2018,15:40,28.1,28.76,3.599,109.9619,873.0446,345.7,276.9,19.76
03/07/2018,15:50,28.54,28.59,3.166,17.9242,872.9904,314.9,269.6,0.763
03/07/2018,16:00,28.38,28.01,2.842,28.526,873.1504,305.3,257.9,0.827
03/07/2018,16:10,28.63,26.3,2.072,25.8348,873.0905,265.8,228.8,0.397
03/07/2018,16:20,29.61,23.85,1.547,51.9456,872.8951,424.8,280.8,145.4
03/07/2018,16:30,30.52,23.24,2.077,16.5192,873.213,442.1,242.4,248.9
03/07/2018,16:40,29.57,24.94,3.212,42.8106,873.0078,180.9,127.1,40.28
03/07/2018,16:50,28.34,27.19,3.481,240.51040000000003,872.9395,100.0,85.7,0.0
03/07/2018,17:00,28.16,26.37,2.818,147.1136,873.1397,83.1,70.68,0.0
03/07/2018,17:10,28.17,25.82,1.848,211.7362,872.9676,76.72,64.25,0.001
03/07/2018,17:20,28.3,25.76,2.036,24.083,873.171,51.71,43.25,0.0
03/07/2018,17:30,28.38,25.96,1.628,28.384,873.1343,34.36,28.71,0.007
03/07/2018,17:40,28.45,27.9,1.679,179.998,873.4297,26.22,21.52,0.946
03/07/2018,17:50,27.66,28.65,4.207,114.2943,873.4531,31.41,26.25,1.076
03/07/2018,18:00,26.71,32.09,5.066,81.3292,873.5391,79.07,58.91,33.67
03/07/2018,18:10,26.08,34.07,5.138,110.5064,873.9002,90.3,74.36,0.003
03/07/2018,18:20,25.69,32.71,4.696,78.76480000000001,873.9512,61.27,49.67,0.0
03/07/2018,18:30,25.67,30.59,4.077,76.07579999999999,873.8237,37.18,30.89,0.0
03/07/2018,18:40,25.43,31.04,4.516,113.9775,873.9178,10.95,8.95,0.0
03/07/2018,18:50,24.95,31.28,4.172,75.789,873.9957,2.411,1.37,0.0
03/07/2018,19:00,25.06,31.59,4.301,14.528299999999998,874.1448,0.026,0.0,0.008
03/07/2018,19:10,24.53,30.05,4.856,46.6983,874.1226,0.0,0.0,0.005
03/07/2018,19:20,24.76,30.19,3.866,80.513,874.1774,0.0,0.0,0.008
03/07/2018,19:30,24.76,30.87,2.493,102.026,874.5422,0.0,0.0,0.0
03/07/2018,19:40,24.85,28.66,3.88,69.717,875.0284,0.0,0.0,0.184
03/07/2018,19:50,24.92,30.09,2.623,59.689,874.928,0.0,0.0,0.065
03/07/2018,20:00,24.79,30.57,1.419,92.607,875.1,0.0,0.0,0.0
03/07/2018,20:10,24.61,31.9,1.403,116.12,875.1188,0.0,0.0,0.0
03/07/2018,20:20,24.48,32.78,1.276,81.041,875.1671,0.0,0.0,0.0
03/07/2018,20:30,24.26,33.26,0.428,239.3847,875.3147,0.0,0.0,0.0
03/07/2018,20:40,24.02,33.09,0.337,240.9,875.5023,0.0,0.0,0.0
03/07/2018,20:50,24.12,32.65,0.356,212.01,875.6165,0.0,0.0,0.001
03/07/2018,21:00,24.08,34.04,1.69,228.71,875.8137,0.0,0.0,0.188
03/07/2018,21:10,24.0,34.04,1.555,200.99,875.8545,0.0,0.0,0.252
03/07/2018,21:20,23.72,36.77,0.459,224.64,876.1646,0.0,0.0,0.0
03/07/2018,21:30,23.37,38.98,2.31,222.7,876.1323,0.0,0.0,0.088
03/07/2018,21:40,23.19,40.76,2.703,219.25,876.3452,0.0,0.0,0.071
03/07/2018,21:50,22.97,41.23,2.368,218.94,876.5657,0.0,0.0,0.0
03/07/2018,22:00,22.86,41.13,1.903,188.51,876.6884,0.0,0.0,0.0
03/07/2018,22:10,22.8,40.59,1.445,156.39,876.9503,0.0,0.0,0.0
03/07/2018,22:20,22.59,41.95,2.441,113.02,877.0479,0.0,0.0,0.0
03/07/2018,22:30,22.36,42.94,1.604,105.57,877.1795,0.0,0.0,0.0
03/07/2018,22:40,22.17,42.97,1.002,112.22,877.3591,0.0,0.0,0.0
03/07/2018,22:50,22.18,42.53,1.541,115.74,877.6536,0.0,0.0,0.161
03/07/2018,23:00,22.23,42.73,1.152,130.19,877.5797,0.0,0.0,0.0
03/07/2018,23:10,22.07,43.82,1.787,141.16,877.6859,0.0,0.0,0.0
03/07/2018,23:20,21.92,43.24,1.87,169.1,877.5466,0.0,0.0,0.0
03/07/2018,23:30,21.98,43.14,1.851,174.38,877.4407,0.0,0.0,0.0
03/07/2018,23:40,21.84,43.55,2.323,163.65,877.4487,0.0,0.0,0.0
03/07/2018,23:50,21.78,43.79,2.385,147.22,877.6128,0.0,0.0,0.005
03/08/2018,00:00,21.72,44.88,1.628,138.62,877.4646,0.0,0.0,0.0
03/08/2018,00:10,21.46,45.7,1.617,139.03,877.5638,0.0,0.0,0.0
03/08/2018,00:20,21.19,46.21,0.885,149.25,877.809,0.0,0.0,0.0
03/08/2018,00:30,21.06,46.62,1.353,146.79000000000002,877.7839,0.0,0.0,0.0
03/08/2018,00:40,20.96,47.03,0.535,178.03,877.7101,0.0,0.0,0.0
03/08/2018,00:50,20.81,47.64,0.006,166.997,877.6209,0.0,0.0,0.0
03/08/2018,01:00,20.58,48.9,0.025,240.04,877.6778,0.0,0.0,0.0
03/08/2018,01:10,20.3,50.23,0.035,345.26,877.4976,0.0,0.0,0.0
03/08/2018,01:20,19.62,52.1,1.683,318.46,877.5224,0.0,0.0,0.0
03/08/2018,01:30,19.34,51.49,1.402,288.63,877.4652,0.0,0.0,0.0
03/08/2018,01:40,19.58,50.2,1.06,302.62,877.4231,0.0,0.0,0.0
03/08/2018,01:50,19.78,50.91,1.225,292.95,876.8433,0.0,0.0,0.005
03/08/2018,02:00,19.32,50.95,2.076,281.8,876.9017,0.0,0.0,0.0
03/08/2018,02:10,19.54,49.89,2.481,284.06,877.1623,0.0,0.0,0.277
03/08/2018,02:20,19.66,50.4,2.264,284.65,876.7771,0.0,0.0,0.096
03/08/2018,02:30,19.47,50.43,2.485,289.87,876.77,0.0,0.0,0.0
03/08/2018,02:40,19.38,50.57,2.421,294.64,876.4674,0.0,0.0,0.0
03/08/2018,02:50,19.2,51.73,2.224,300.85,876.5173,0.0,0.0,0.0
03/08/2018,03:00,19.12,51.01,1.866,314.62,876.6719,0.0,0.0,0.0
03/08/2018,03:10,18.8,52.82,2.195,338.82,876.6061,0.0,0.0,0.0
03/08/2018,03:20,18.37,53.81,2.308,337.2,876.7294,0.0,0.0,0.0
03/08/2018,03:30,18.45,53.13,2.141,325.34000000000003,876.7294,0.0,0.0,0.022
03/08/2018,03:40,18.47,52.48,2.019,311.23,876.6872,0.0,0.0,0.002
03/08/2018,03:50,18.69,51.56,1.63,311.77,876.5737,0.0,0.0,0.009
03/08/2018,04:00,18.76,51.93,1.31,302.5,876.9182,0.0,0.0,0.0
03/08/2018,04:10,18.57,52.82,1.237,308.93,876.8272,0.0,0.0,0.0
03/08/2018,04:20,18.33,53.4,1.274,309.63,877.0153,0.0,0.0,0.0
03/08/2018,04:30,18.16,53.77,1.2,289.17,877.1055,0.0,0.0,0.0
03/08/2018,04:40,18.12,53.43,1.182,263.0,877.0236,0.0,0.0,0.0
03/08/2018,04:50,18.25,53.06,0.755,330.31,877.1953,0.0,0.0,0.069
03/08/2018,05:00,18.03,54.18,1.545,337.97,877.0881,0.0,0.0,0.133
03/08/2018,05:10,17.91,53.88,1.986,322.67,876.9098,0.0,0.0,0.038
03/08/2018,05:20,17.96,53.88,2.2,341.67,877.1949,0.0,0.0,0.001
03/08/2018,05:30,17.68,57.62,2.343,348.7,877.1063,0.0,0.0,0.001
03/08/2018,05:40,17.05,57.28,2.269,316.7867,877.4897,0.0,0.0,0.0
03/08/2018,05:50,16.99,57.25,2.37,349.47,877.5224,0.0,0.0,0.0
03/08/2018,06:00,16.91,57.49,2.219,337.49,877.4,0.0,0.0,0.0
03/08/2018,06:10,16.88,57.49,3.081,334.09000000000003,877.6279,0.0,0.0,0.023
03/08/2018,06:20,16.93,57.28,3.118,335.59000000000003,877.5971,0.0,0.0,0.002
03/08/2018,06:30,16.9,57.15,2.939,340.05,877.8823,0.0,0.0,0.0
03/08/2018,06:40,16.77,57.9,2.373,341.63,877.8577,0.0,0.0,0.023
03/08/2018,06:50,16.75,58.31,2.41,343.0,877.8818,0.04,0.0,0.094
03/08/2018,07:00,16.53,58.2,2.593,340.72,877.5224,2.956,2.338,0.022
03/08/2018,07:10,16.49,57.66,2.513,343.58000000000004,878.0551,13.73,10.8,14.76
03/08/2018,07:20,16.61,57.97,2.533,343.08000000000004,878.226,33.34,22.83,74.99
03/08/2018,07:30,16.79,56.64,2.44,342.24,878.2751,60.68,35.11,158.5
03/08/2018,07:40,17.23,55.34,2.333,344.96,878.4631,92.0,46.8,229.9
03/08/2018,07:50,17.55,54.39,1.845,337.74,878.4711,126.6,57.46,295.0
03/08/2018,08:00,18.0,53.06,1.321,319.45,878.6188,163.2,67.17,351.4
03/08/2018,08:10,18.7,49.92,1.425,335.75,878.6185,202.4,76.1,404.1
03/08/2018,08:20,19.46,47.95,0.905,295.47,878.5612,241.5,83.9,450.1
03/08/2018,08:30,20.23,46.89,0.745,266.92,878.7985,280.5,91.1,488.8
03/08/2018,08:40,20.38,46.07,1.561,251.89,878.9368,323.1,98.3,525.5
03/08/2018,08:50,21.08,42.94,0.885,228.685,879.0195,363.0,104.4,555.5
03/08/2018,09:00,21.36,43.86,1.057,157.32,878.847,405.8,110.1,588.0
03/08/2018,09:10,21.99,41.74,1.424,154.02,878.9377,445.9,115.9,611.2
03/08/2018,09:20,22.48,40.45,1.321,218.49,879.085,482.5,121.5,626.0
03/08/2018,09:30,22.14,42.73,2.335,166.22,879.0601,521.2,125.7,645.9
03/08/2018,09:40,22.26,40.99,1.71,149.92000000000002,879.0733,558.0,130.2,664.3
03/08/2018,09:50,23.15,38.33,1.635,200.5,879.0837,599.6,133.0,691.8
03/08/2018,10:00,22.98,40.21,1.612,213.82,879.0693,625.2,137.5,691.1
03/08/2018,10:10,22.73,39.32,2.434,232.66,879.078,663.9,140.2,712.9
03/08/2018,10:20,22.18,39.66,1.865,185.7,878.9783,700.6,143.9,730.0
03/08/2018,10:30,23.53,36.63,2.505,175.07999999999998,878.9429,730.8,147.2,742.6
03/08/2018,10:40,24.26,34.99,1.854,178.26,878.981,766.0,148.1,763.7
03/08/2018,10:50,24.67,33.59,2.079,149.18,878.875,794.0,149.2,776.6
03/08/2018,11:00,25.06,32.47,1.601,156.78,878.7568,823.0,149.2,790.6
03/08/2018,11:10,25.77,32.88,1.919,125.04,878.4947,845.0,150.2,798.3
03/08/2018,11:20,26.2,31.24,1.829,104.602,878.6324,867.0,151.8,804.0
03/08/2018,11:30,26.37,31.1,1.926,147.56,878.2297,888.0,153.0,812.0
03/08/2018,11:40,26.35,32.06,2.386,97.793,878.1447,902.0,158.7,807.0
03/08/2018,11:50,25.91,33.8,2.117,130.866,878.0811,914.0,168.1,796.0
03/08/2018,12:00,25.98,32.47,1.766,201.25,877.7572,929.0,176.5,793.0
03/08/2018,12:10,26.23,32.09,3.169,243.99,877.7822,955.0,193.4,793.3
03/08/2018,12:20,26.0,29.33,1.905,115.256,877.575,996.0,266.1,742.9
03/08/2018,12:30,27.33,29.64,1.5,179.22,877.386,819.0,306.2,479.6
03/08/2018,12:40,27.91,28.01,1.593,175.12,877.2033,896.0,288.0,555.2
03/08/2018,12:50,28.3,27.73,1.812,220.97,876.9572,939.0,280.6,615.6
03/08/2018,13:00,27.77,29.37,2.453,182.08,876.7905,989.0,212.5,790.9
03/08/2018,13:10,28.81,25.31,0.865,168.09,876.487,1006.0,233.1,793.0
03/08/2018,13:20,29.57,26.61,1.944,121.85,876.355,1015.0,254.8,772.7
03/08/2018,13:30,29.05,26.64,2.519,84.671,876.2195,965.0,242.0,728.7
03/08/2018,13:40,29.34,27.02,2.191,157.709,875.7905,960.0,230.6,743.7
03/08/2018,13:50,28.71,26.95,1.569,178.70999999999998,875.7748,952.0,239.1,741.7
03/08/2018,14:00,30.13,25.82,1.686,168.13,875.551,878.0,246.4,641.8
03/08/2018,14:10,29.29,23.51,1.281,102.9,875.4465,944.0,262.0,714.5
03/08/2018,14:20,30.76,23.75,1.789,144.78,875.1251,888.0,254.7,658.5
03/08/2018,14:30,30.09,24.36,2.668,116.6,875.0451,871.0,242.2,671.6
03/08/2018,14:40,30.6,23.68,2.079,106.806,874.7355,897.0,271.6,680.3
03/08/2018,14:50,30.97,22.59,2.078,165.27,874.3511,912.0,295.0,681.6
03/08/2018,15:00,30.97,21.7,2.184,164.5,874.1763,821.0,309.4,550.9
03/08/2018,15:10,30.83,23.13,2.08,175.26999999999998,874.0717,769.1,329.2,484.7
03/08/2018,15:20,31.26,22.04,1.955,161.55,873.8002,767.5,260.0,597.6
03/08/2018,15:30,31.31,21.6,2.002,139.065,873.5958,758.5,274.2,592.2
03/08/2018,15:40,31.66,21.19,1.469,196.57,873.5268,729.9,318.9,481.4
03/08/2018,15:50,31.7,19.93,1.774,127.19,873.2243,710.1,290.7,522.8
03/08/2018,16:00,31.92,20.54,2.262,111.06999999999998,873.186,638.3,236.8,543.9
03/08/2018,16:10,31.74,21.26,1.114,98.418,873.291,408.9,232.7,190.9
03/08/2018,16:20,31.07,20.03,1.568,131.94,873.1627,454.4,198.2,366.7
03/08/2018,16:30,32.17,19.66,1.489,106.866,873.166,488.6,188.0,475.4
03/08/2018,16:40,32.46,19.39,1.935,80.60499999999999,873.2205,493.1,214.3,458.0
03/08/2018,16:50,31.17,20.48,2.016,123.045,872.9922,460.1,204.6,441.8
03/08/2018,17:00,31.21,19.11,1.681,115.07,873.1232,370.8,179.2,350.9
03/08/2018,17:10,32.55,18.74,1.149,134.53,873.1122,374.1,172.7,412.6
03/08/2018,17:20,32.52,19.01,1.861,124.15,872.8709,343.6,165.4,392.5
03/08/2018,17:30,32.51,19.04,1.321,88.583,872.8655,300.7,157.1,344.1
03/08/2018,17:40,31.74,21.02,1.067,91.285,872.8483,222.1,116.5,278.0
03/08/2018,17:50,30.93,20.68,1.272,89.72,872.7949,154.5,89.6,171.0
03/08/2018,18:00,30.82,20.58,0.74,120.36,872.8815,135.1,72.96,215.0
03/08/2018,18:10,30.59,20.58,1.03,96.51,872.8144,97.7,56.52,168.4
03/08/2018,18:20,30.03,21.87,1.13,63.779,872.8879,50.35,36.8,32.75
03/08/2018,18:30,29.31,22.52,0.319,78.174,872.8363,25.73,20.47,0.139
03/08/2018,18:40,29.2,22.55,0.035,68.354,873.048,9.13,7.053,0.0
03/08/2018,18:50,29.04,22.55,0.071,68.512,872.8977,1.247,0.663,0.0
03/08/2018,19:00,28.83,23.51,0.447,89.9057,872.9805,0.0,0.0,0.0
03/08/2018,19:10,28.36,26.16,0.934,14.9232,873.0436,0.0,0.0,0.0
03/08/2018,19:20,28.01,25.55,1.252,251.9205,873.1381,0.0,0.0,0.004
03/08/2018,19:30,27.76,24.7,1.316,339.13,873.3232,0.0,0.0,0.0
03/08/2018,19:40,27.84,25.65,1.638,343.06,873.4597,0.0,0.0,0.0
03/08/2018,19:50,27.07,27.63,2.478,343.52,873.4543,0.0,0.0,0.0
03/08/2018,20:00,26.49,28.92,2.183,342.64,873.8652,0.0,0.0,0.0
03/08/2018,20:10,26.19,29.64,1.932,300.87,873.7668,0.0,0.0,0.0
03/08/2018,20:20,26.01,29.71,0.968,279.42,873.8439,0.0,0.0,0.0
03/08/2018,20:30,26.21,29.61,0.002,328.2,873.7911,0.0,0.0,0.0
03/08/2018,20:40,26.2,29.54,1.214,296.402,873.9521,0.0,0.0,0.065
03/08/2018,20:50,26.1,29.78,0.557,75.238,874.2383,0.0,0.0,0.0
03/08/2018,21:00,26.06,29.92,0.0,204.99,874.2674,0.0,0.0,0.0
03/08/2018,21:10,26.03,30.05,0.314,293.22,874.2792,0.0,0.0,0.0
03/08/2018,21:20,25.99,30.16,0.576,316.41,874.4273,0.0,0.0,0.038
03/08/2018,21:30,25.98,30.6,0.361,315.90680000000003,874.502,0.0,0.0,0.0
03/08/2018,21:40,25.68,33.33,1.058,232.1009,874.6241,0.0,0.0,0.0
03/08/2018,21:50,25.23,32.58,0.8,181.64,874.5425,0.0,0.0,0.0
03/08/2018,22:00,25.22,31.55,0.0,71.946,874.4938,0.0,0.0,0.0
03/08/2018,22:10,25.1,34.04,0.016,13.6988,874.6273,0.0,0.0,0.0
03/08/2018,22:20,24.47,34.52,1.176,245.5322,874.7037,0.0,0.0,0.0
03/08/2018,22:30,24.12,34.18,1.925,347.63,874.9034,0.0,0.0,0.0
03/08/2018,22:40,24.17,33.6,1.996,355.71,874.921,0.0,0.0,0.0
03/08/2018,22:50,24.13,34.9,1.528,346.7,874.8972,0.0,0.0,0.0
03/08/2018,23:00,23.88,34.96,1.928,218.6469,874.8563,0.0,0.0,0.009
03/08/2018,23:10,24.05,34.9,1.807,100.799,874.9953,0.0,0.0,0.254
03/08/2018,23:20,24.09,35.51,0.381,214.79300000000003,875.0524,0.0,0.0,0.014
03/08/2018,23:30,23.89,36.39,0.637,154.6424,875.0364,0.0,0.0,0.098
03/08/2018,23:40,24.02,36.5,0.343,346.53000000000003,875.1749,0.0,0.0,0.065
03/08/2018,23:50,23.47,37.96,1.091,184.5452,875.0443,0.0,0.0,0.0
03/09/2018,00:00,23.49,37.89,1.143,112.446,875.1181,0.0,0.0,0.0
03/09/2018,00:10,23.44,40.86,0.37,72.489,875.2733,0.0,0.0,0.0
03/09/2018,00:20,23.01,41.4,0.0,49.035,875.2484,0.0,0.0,0.0
03/09/2018,00:30,22.95,41.3,0.975,49.446,875.2245,0.0,0.0,0.0
03/09/2018,00:40,22.8,40.69,0.898,42.08,875.2977,0.0,0.0,0.028
03/09/2018,00:50,23.08,40.38,1.001,36.072,875.38,0.0,0.0,0.119
03/09/2018,01:00,23.16,40.82,0.958,35.315999999999995,875.5025,0.0,0.0,0.094
03/09/2018,01:10,23.23,40.79,0.261,113.1605,875.4609,0.0,0.0,0.024
03/09/2018,01:20,23.02,40.86,1.537,16.2864,875.4454,0.0,0.0,0.013
03/09/2018,01:30,22.73,40.25,1.423,17.482,875.4205,0.0,0.0,0.0
03/09/2018,01:40,22.91,38.34,0.755,9.4386,875.3053,0.0,0.0,0.001
03/09/2018,01:50,22.78,39.05,1.395,45.7595,875.208,0.0,0.0,0.0
03/09/2018,02:00,22.8,39.12,1.453,15.8125,875.2651,0.0,0.0,0.005
03/09/2018,02:10,22.91,39.12,1.389,79.23060000000001,875.2156,0.0,0.0,0.0
03/09/2018,02:20,22.93,39.73,1.363,113.96399999999998,875.1674,0.0,0.0,0.002
03/09/2018,02:30,22.84,39.6,1.12,216.1857,875.2488,0.0,0.0,0.0
03/09/2018,02:40,22.59,40.96,1.014,218.46,875.2078,0.0,0.0,0.0
03/09/2018,02:50,22.21,41.74,0.414,239.68,875.126,0.0,0.0,0.0
03/09/2018,03:00,22.24,41.13,0.959,253.64,875.0355,0.0,0.0,0.065
03/09/2018,03:10,22.18,42.15,0.86,233.19,874.8894,0.0,0.0,0.0
03/09/2018,03:20,22.07,43.62,1.259,228.36,875.0519,0.0,0.0,0.147
03/09/2018,03:30,21.94,45.83,0.266,123.921,875.1994,0.0,0.0,0.013
03/09/2018,03:40,21.69,46.58,0.134,94.17,875.0035,0.0,0.0,0.0
03/09/2018,03:50,21.38,46.58,0.021,80.013,875.176,0.0,0.0,0.0
03/09/2018,04:00,21.04,48.66,0.562,76.061,875.2404,0.0,0.0,0.0
03/09/2018,04:10,20.55,48.59,1.251,39.4667,875.2898,0.0,0.0,0.0
03/09/2018,04:20,20.63,49.65,1.048,343.98,875.3304,0.0,0.0,0.03
03/09/2018,04:30,20.26,49.62,2.07,279.1268,875.1418,0.0,0.0,0.098
03/09/2018,04:40,20.03,52.07,2.371,311.3168,875.2005,0.0,0.0,0.0
03/09/2018,04:50,20.07,49.51,1.951,328.59000000000003,875.3796,0.0,0.0,0.131
03/09/2018,05:00,20.84,48.66,1.834,336.25,875.3221,0.0,0.0,0.232
03/09/2018,05:10,20.5,50.09,1.443,306.3029,875.4047,0.0,0.0,0.0
03/09/2018,05:20,20.45,50.84,1.01,317.177,875.4286,0.0,0.0,0.0
03/09/2018,05:30,19.9,51.56,1.163,279.3392,875.3386,0.0,0.0,0.0
03/09/2018,05:40,19.56,52.92,1.548,45.4686,875.6008,0.0,0.0,0.0
03/09/2018,05:50,19.3,52.21,1.653,147.5027,875.4286,0.0,0.0,0.0
03/09/2018,06:00,19.31,52.48,1.785,277.6047,875.8051,0.0,0.0,0.0
03/09/2018,06:10,19.57,49.92,1.293,100.243,875.8368,0.0,0.0,0.008
03/09/2018,06:20,19.71,49.75,0.283,27.119,875.8143,0.0,0.0,0.0
03/09/2018,06:30,19.69,49.58,0.507,81.4031,875.8624,0.0,0.0,0.133
03/09/2018,06:40,19.58,51.32,0.605,212.0615,876.2388,0.0,0.0,0.044
03/09/2018,06:50,18.99,52.89,1.398,282.496,876.2711,0.0,0.0,0.001
03/09/2018,07:00,19.09,51.56,1.994,347.67,876.541,2.44,2.5,0.388
03/09/2018,07:10,18.94,52.27,2.484,346.48,876.5077,13.44,10.56,9.54
03/09/2018,07:20,18.82,52.72,2.634,353.01,876.5584,33.22,22.04,72.96
03/09/2018,07:30,18.69,53.43,2.089,283.1808,876.8681,59.46,34.03,141.9
03/09/2018,07:40,18.74,53.23,1.744,146.1652,876.8674,89.8,45.49,208.2
03/09/2018,07:50,19.13,50.3,1.553,17.1232,877.0084,124.7,56.44,276.1
03/09/2018,08:00,19.97,47.78,0.902,32.599000000000004,877.1461,161.9,66.41,336.9
03/09/2018,08:10,20.76,44.74,0.602,37.416,877.2281,200.8,75.21,391.9
03/09/2018,08:20,22.13,41.88,0.188,85.86800000000001,877.2199,239.4,82.4,439.7
03/09/2018,08:30,22.75,38.06,0.596,108.6,877.1866,281.8,88.7,489.3
03/09/2018,08:40,23.67,34.38,0.149,152.83999999999995,877.1143,323.5,93.9,531.6
03/09/2018,08:50,24.05,35.92,0.593,160.13,877.3342,362.0,98.0,562.6
03/09/2018,09:00,24.19,34.15,1.184,138.84,877.2087,409.2,101.8,608.1
03/09/2018,09:10,24.62,31.18,1.05,131.86,877.1945,455.0,105.3,649.1
03/09/2018,09:20,25.0,30.43,0.869,146.55,877.2571,493.3,108.7,671.4
03/09/2018,09:30,25.31,31.07,1.427,147.95,877.3542,529.7,113.4,683.4
03/09/2018,09:40,25.04,30.56,1.855,160.1,877.3677,571.1,117.9,705.8
03/09/2018,09:50,26.02,29.03,0.71,171.79000000000002,877.3187,607.0,121.9,724.5
03/09/2018,10:00,25.88,30.39,1.554,184.35,877.301,642.9,124.9,737.5
03/09/2018,10:10,26.73,28.21,0.528,156.82,877.2269,676.8,126.1,757.2
03/09/2018,10:20,25.56,30.9,2.387,123.157,877.2619,712.5,129.2,768.8
03/09/2018,10:30,26.07,30.01,1.222,160.92000000000002,877.0306,743.8,131.4,783.5
03/09/2018,10:40,26.82,30.25,1.469,170.73,877.0006,774.4,133.6,795.4
03/09/2018,10:50,26.72,30.25,1.461,154.137,877.2768,802.0,134.5,807.0
03/09/2018,11:00,26.27,30.83,1.337,109.641,877.1449,830.0,135.2,819.0
03/09/2018,11:10,26.88,28.92,1.772,148.45,877.0165,854.0,136.8,829.0
03/09/2018,11:20,27.49,28.55,1.73,172.14,876.8845,875.0,137.6,836.0
03/09/2018,11:30,27.63,28.34,1.5,230.91,876.7526,889.0,139.0,835.0
03/09/2018,11:40,26.72,29.37,1.778,132.49,876.5837,911.0,139.7,845.0
03/09/2018,11:50,27.0,28.21,2.058,110.9036,876.3458,928.0,139.4,853.0
03/09/2018,12:00,27.97,27.32,1.782,93.191,876.1347,945.0,140.3,861.0
03/09/2018,12:10,28.64,28.04,2.073,114.068,875.917,952.0,141.2,860.0
03/09/2018,12:20,27.17,27.73,1.638,147.82999999999998,875.8779,959.0,142.7,858.0
03/09/2018,12:30,29.1,26.54,2.202,94.394,875.5934,963.0,144.5,856.0
03/09/2018,12:40,29.45,27.19,1.491,130.387,875.3606,967.0,145.0,856.0
03/09/2018,12:50,28.63,26.44,1.678,167.2,875.253,969.0,146.6,853.0
03/09/2018,13:00,29.49,26.88,2.856,141.67000000000002,874.9387,969.0,152.4,846.0
03/09/2018,13:10,29.77,25.79,1.925,172.61,874.5643,963.0,159.2,833.0
03/09/2018,13:20,29.34,26.44,2.502,101.433,874.4634,960.0,175.7,809.0
03/09/2018,13:30,29.85,26.95,2.66,53.66799999999999,874.4348,963.0,194.9,790.4
03/09/2018,13:40,29.58,26.64,1.513,128.154,874.1097,977.0,243.2,750.2
03/09/2018,13:50,29.88,25.31,1.301,128.68,873.8514,841.0,329.3,467.6
03/09/2018,14:00,31.0,23.88,1.948,157.59,873.6783,950.0,337.2,600.2
03/09/2018,14:10,31.56,23.78,3.153,210.13,873.3997,975.0,326.6,633.4
03/09/2018,14:20,30.85,24.39,3.427,200.301,873.2122,954.0,269.9,720.5
03/09/2018,14:30,30.04,22.86,2.568,177.392,872.8756,873.0,241.5,681.6
03/09/2018,14:40,30.94,24.29,3.133,222.41,872.6365,873.0,241.2,693.4
03/09/2018,14:50,30.85,23.47,2.33,232.17,872.4388,856.0,212.6,726.3
03/09/2018,15:00,30.57,24.6,3.599,161.95,872.4455,773.6,215.8,627.6
03/09/2018,15:10,31.48,21.94,1.9,192.43,872.2959,777.8,241.2,627.2
03/09/2018,15:20,31.81,23.06,2.508,193.05,872.2069,571.3,243.8,375.2
03/09/2018,15:30,32.05,21.7,1.957,168.2,871.9997,726.7,194.8,676.9
03/09/2018,15:40,31.43,23.88,3.559,176.52,871.8757,343.3,177.8,160.8
03/09/2018,15:50,31.31,21.8,2.56,195.53,871.812,572.2,187.5,496.8
03/09/2018,16:00,32.04,20.44,0.876,268.33000000000004,871.686,446.3,181.7,355.5
03/09/2018,16:10,31.43,24.15,2.614,197.06,871.3951,416.6,180.4,316.0
03/09/2018,16:20,30.89,21.53,1.508,223.01,871.3403,321.4,152.0,237.7
03/09/2018,16:30,31.86,21.67,1.443,174.39,871.2696,332.9,150.5,274.9
03/09/2018,16:40,31.64,21.97,3.289,173.59,871.2767,366.6,152.3,344.9
03/09/2018,16:50,31.87,22.04,3.15,180.37,871.2257,406.0,131.7,513.2
03/09/2018,17:00,32.16,21.53,3.472,179.77,871.127,371.6,120.0,510.3
03/09/2018,17:10,32.18,19.93,2.928,213.08,871.0822,329.4,108.4,487.7
03/09/2018,17:20,31.83,20.54,3.213,196.26,871.1553,275.1,95.7,429.4
03/09/2018,17:30,31.86,20.07,3.386,195.07,871.1057,245.4,88.7,416.1
03/09/2018,17:40,31.58,19.28,3.498,180.71,871.4288,208.7,81.2,378.0
03/09/2018,17:50,31.75,19.04,2.379,177.86,871.1367,172.4,72.77,336.1
03/09/2018,18:00,31.42,19.04,3.674,204.68,871.202,141.5,62.46,306.7
03/09/2018,18:10,30.81,18.57,3.405,196.68,871.3224,72.2,47.66,73.6
03/09/2018,18:20,30.47,18.84,3.073,194.18,871.4385,62.17,35.43,150.0
03/09/2018,18:30,30.34,18.84,3.452,192.03,871.1727,41.35,24.59,118.4
03/09/2018,18:40,29.84,19.28,3.45,184.71,871.4385,17.14,13.14,7.787
03/09/2018,18:50,29.46,19.86,3.431,183.22,871.3339,4.39,3.273,0.01
03/09/2018,19:00,29.11,19.69,3.493,197.06,871.267,0.0,0.0,0.001
03/09/2018,19:10,28.95,20.07,4.151,206.02,871.3437,0.0,0.0,0.018
03/09/2018,19:20,28.79,20.48,3.665,215.73,871.7377,0.0,0.0,0.037
03/09/2018,19:30,28.65,21.43,4.091,229.61,871.7775,0.0,0.0,0.003
03/09/2018,19:40,28.36,21.84,4.306,238.28000000000003,871.9934,0.0,0.0,0.0
03/09/2018,19:50,28.19,21.87,4.7,238.53000000000003,872.2627,0.0,0.0,0.0
03/09/2018,20:00,28.03,22.11,3.986,245.27,872.5027,0.0,0.0,0.0
03/09/2018,20:10,27.81,22.35,3.61,254.85,872.8546,0.0,0.0,0.0
03/09/2018,20:20,27.6,22.49,2.766,259.32,873.0812,0.0,0.0,0.0
03/09/2018,20:30,27.35,22.79,2.526,285.67999999999995,873.1685,0.0,0.0,0.0
03/09/2018,20:40,27.08,23.37,1.517,212.5411,873.313,0.0,0.0,0.0
03/09/2018,20:50,26.69,24.87,1.379,113.886,873.465,0.0,0.0,0.0
03/09/2018,21:00,25.97,25.59,0.942,36.2028,873.8134,0.0,0.0,0.0
03/09/2018,21:10,25.66,26.54,0.249,23.799200000000003,873.8625,0.0,0.0,0.0
03/09/2018,21:20,25.08,26.65,1.235,218.565,874.0869,0.0,0.0,0.0
03/09/2018,21:30,24.97,26.75,0.74,273.7116,874.2532,0.0,0.0,0.0
03/09/2018,21:40,24.91,28.93,0.743,344.2,874.348,0.0,0.0,0.0
03/09/2018,21:50,23.92,30.26,2.365,330.51,874.4636,0.0,0.0,0.0
03/09/2018,22:00,23.8,29.89,2.046,332.57,874.5253,0.0,0.0,0.001
03/09/2018,22:10,24.27,29.51,2.26,152.9515,874.5852,0.0,0.0,0.139
03/09/2018,22:20,24.41,29.55,1.736,34.2575,874.5945,0.0,0.0,0.157
03/09/2018,22:30,24.34,29.99,0.518,35.831,874.7416,0.0,0.0,0.008
03/09/2018,22:40,24.35,30.16,0.625,90.849,874.6843,0.0,0.0,0.0
03/09/2018,22:50,24.06,31.32,0.044,65.25399999999999,874.6926,0.0,0.0,0.0
03/09/2018,23:00,23.66,32.41,0.017,95.827,874.7254,0.0,0.0,0.0
03/09/2018,23:10,23.73,31.62,0.262,59.95399999999999,874.758,0.0,0.0,0.102
03/09/2018,23:20,23.41,32.58,0.849,64.71900000000001,874.8318,0.0,0.0,0.121
03/09/2018,23:30,23.69,31.56,1.127,71.4,874.8477,0.0,0.0,0.275
03/09/2018,23:40,23.84,31.86,0.45,50.594,874.8726,0.0,0.0,0.088
03/09/2018,23:50,23.68,32.68,0.771,59.214,874.7664,0.0,0.0,0.046
03/10/2018,00:00,23.43,32.95,0.348,59.372,874.7823,0.0,0.0,0.0
03/10/2018,00:10,23.43,32.99,0.811,43.058,874.7581,0.0,0.0,0.194
03/10/2018,00:20,23.43,34.18,0.73,40.65,874.7907,0.0,0.0,0.065
03/10/2018,00:30,22.95,34.49,0.581,27.689,874.6838,0.0,0.0,0.0
03/10/2018,00:40,22.86,35.99,0.911,26.776,874.4548,0.0,0.0,0.004
03/10/2018,00:50,22.65,37.11,0.996,29.325,874.439,0.0,0.0,0.003
03/10/2018,01:00,22.38,35.51,1.307,21.781,874.5218,0.0,0.0,0.011
03/10/2018,01:10,22.53,35.85,1.445,14.7014,874.5454,0.0,0.0,0.184
03/10/2018,01:20,22.39,36.09,1.503,15.4752,874.5118,0.0,0.0,0.057
03/10/2018,01:30,22.31,36.12,1.741,18.39,874.1287,0.0,0.0,0.113
03/10/2018,01:40,22.17,35.47,1.522,19.488,874.1443,0.0,0.0,0.038
03/10/2018,01:50,22.16,35.88,1.729,21.779,874.0463,0.0,0.0,0.039
03/10/2018,02:00,22.03,36.74,1.796,18.494,873.784,0.0,0.0,0.0
03/10/2018,02:10,21.87,37.08,1.417,176.5154,873.63,0.0,0.0,0.0
03/10/2018,02:20,21.6,36.12,1.35,312.5567,873.7851,0.0,0.0,0.0
03/10/2018,02:30,21.63,34.9,2.0,113.8865,873.8173,0.0,0.0,0.032
03/10/2018,02:40,21.49,37.04,1.839,12.6901,873.6371,0.0,0.0,0.026
03/10/2018,02:50,21.38,36.6,1.491,26.241,873.6221,0.0,0.0,0.007
03/10/2018,03:00,21.36,36.16,0.939,32.534000000000006,873.9238,0.0,0.0,0.0
03/10/2018,03:10,21.51,36.12,1.08,29.121,873.9238,0.0,0.0,0.239
03/10/2018,03:20,21.54,35.88,2.015,215.5084,873.9238,0.0,0.0,0.297
03/10/2018,03:30,21.3,35.34,1.264,43.2392,873.9238,0.0,0.0,0.001
03/10/2018,03:40,21.35,34.93,1.426,282.5232,873.9238,0.0,0.0,0.001
03/10/2018,03:50,21.05,35.51,1.554,182.1088,873.8412,0.0,0.0,0.0
03/10/2018,04:00,20.67,37.21,1.945,147.18869999999998,873.4331,0.0,0.0,0.0
03/10/2018,04:10,20.52,35.61,1.61,333.66,873.4331,0.0,0.0,0.0
03/10/2018,04:20,20.85,34.62,1.785,342.76,873.7284,0.0,0.0,0.013
03/10/2018,04:30,20.6,37.55,1.467,327.75,873.9402,0.0,0.0,0.021
03/10/2018,04:40,20.44,36.05,1.733,323.07,873.6043,0.0,0.0,0.0
03/10/2018,04:50,20.19,37.76,1.844,342.99,873.8268,0.0,0.0,0.0
03/10/2018,05:00,19.59,40.82,1.778,340.36,874.2509,0.0,0.0,0.0
03/10/2018,05:10,19.01,40.52,1.393,345.94,874.3657,0.0,0.0,0.0
03/10/2018,05:20,19.22,40.45,0.665,211.5142,874.1201,0.0,0.0,0.0
03/10/2018,05:30,19.32,39.67,0.857,80.509,874.2419,0.0,0.0,0.002
03/10/2018,05:40,19.65,38.3,1.179,121.903,874.1694,0.0,0.0,0.168
03/10/2018,05:50,19.54,39.9,1.397,281.1234,874.4475,0.0,0.0,0.188
03/10/2018,06:00,19.3,40.18,2.065,247.9219,874.3578,0.0,0.0,0.082
03/10/2018,06:10,18.95,41.88,2.186,354.58000000000004,874.8079,0.0,0.0,0.003
03/10/2018,06:20,18.68,42.9,2.029,341.77,875.0118,0.0,0.0,0.0
03/10/2018,06:30,18.59,42.36,2.296,342.81,875.1672,0.0,0.0,0.049
03/10/2018,06:40,18.81,41.95,1.824,334.48,875.1343,0.0,0.0,0.174
03/10/2018,06:50,19.08,41.51,1.506,340.77,875.2399,0.019,0.016,0.273
03/10/2018,07:00,18.75,42.53,1.681,334.84000000000003,874.9471,3.419,2.75,0.181
03/10/2018,07:10,18.22,43.79,1.604,344.32,875.3461,14.97,10.64,13.73
03/10/2018,07:20,18.54,43.45,1.591,328.89,875.0118,39.31,20.91,153.9
03/10/2018,07:30,18.3,43.35,2.063,329.1,875.2001,70.77,30.38,257.2
03/10/2018,07:40,18.94,40.69,1.483,330.57,875.2568,105.6,39.01,347.5
03/10/2018,07:50,19.73,39.22,1.678,333.61,875.3889,144.1,46.2,426.4
03/10/2018,08:00,20.01,38.64,1.451,237.481,875.9195,184.4,52.47,489.6
03/10/2018,08:10,20.85,36.12,0.902,212.5814,875.8451,225.7,57.82,545.4
03/10/2018,08:20,22.14,34.01,0.0,176.53,875.6906,265.1,62.36,586.8
03/10/2018,08:30,23.48,30.74,0.0,125.92,875.8461,306.0,66.7,624.8
03/10/2018,08:40,25.02,28.52,0.076,173.06,876.3536,346.6,71.31,654.2
03/10/2018,08:50,25.41,29.78,0.435,160.89,876.4755,391.1,75.98,686.8
03/10/2018,09:00,25.11,31.15,1.15,162.25,876.3738,436.6,78.24,722.8
03/10/2018,09:10,25.23,31.45,1.305,145.95999999999998,876.4185,474.9,81.2,739.9
03/10/2018,09:20,25.36,30.5,1.05,164.15,876.3119,516.0,84.3,763.6
03/10/2018,09:30,25.3,31.11,1.83,180.35,876.4524,554.1,87.2,778.0
03/10/2018,09:40,26.16,28.31,0.748,152.62,876.4634,594.1,89.5,800.0
03/10/2018,09:50,26.84,27.97,0.938,147.965,876.4347,627.5,91.7,811.0
03/10/2018,10:00,26.56,28.21,1.086,159.79,876.2704,664.0,94.1,823.0
03/10/2018,10:10,27.07,27.97,1.614,189.7,876.1489,698.6,96.7,835.0
03/10/2018,10:20,27.03,27.8,1.296,157.26,876.3586,731.1,98.9,845.0
03/10/2018,10:30,27.33,26.61,1.675,130.284,876.3439,764.3,100.2,857.0
03/10/2018,10:40,28.14,25.45,1.621,156.57,876.2394,795.0,101.4,869.0
03/10/2018,10:50,28.42,25.79,1.355,173.66,876.0246,825.0,102.0,883.0
03/10/2018,11:00,28.86,24.91,0.863,168.18,875.9739,846.0,103.4,886.0
03/10/2018,11:10,28.85,24.7,1.634,193.59,875.9618,872.0,104.5,895.0
03/10/2018,11:20,28.81,25.42,1.21,132.711,875.7676,891.0,105.1,900.0
03/10/2018,11:30,28.99,25.72,1.634,152.614,875.6723,910.0,106.6,902.0
03/10/2018,11:40,29.11,24.7,1.316,243.0,875.5577,921.0,108.6,898.0
03/10/2018,11:50,29.04,24.8,2.033,115.892,875.3765,933.0,112.0,894.0
03/10/2018,12:00,29.31,23.44,1.457,113.952,875.1944,950.0,110.9,905.0
03/10/2018,12:10,30.31,21.91,1.069,124.26,874.8734,964.0,111.5,911.0
03/10/2018,12:20,31.26,20.37,1.343,115.9689,874.801,971.0,112.8,910.0
03/10/2018,12:30,31.12,20.61,1.104,235.11,874.6458,974.0,113.7,906.0
03/10/2018,12:40,30.34,20.85,0.555,131.814,874.293,971.0,117.0,895.0
03/10/2018,12:50,31.52,20.17,1.536,266.4,874.1346,976.0,122.6,890.0
03/10/2018,13:00,30.67,22.49,1.747,154.0042,873.7006,979.0,126.3,886.0
03/10/2018,13:10,31.0,19.32,1.144,183.03,873.7779,967.0,133.5,867.0
03/10/2018,13:20,31.98,19.22,1.923,130.514,873.5895,964.0,140.2,858.0
03/10/2018,13:30,31.14,18.87,2.211,150.56300000000002,873.3112,970.0,145.9,860.0
03/10/2018,13:40,31.87,17.72,1.436,176.278,872.7574,973.0,164.8,852.0
03/10/2018,13:50,32.44,16.22,1.916,185.57,872.6649,976.0,223.4,782.0
03/10/2018,14:00,32.63,15.43,2.153,198.252,872.0018,891.0,251.3,624.7
03/10/2018,14:10,31.87,18.06,1.221,141.62,871.9817,492.6,204.7,256.2
03/10/2018,14:20,33.34,15.36,1.181,185.27,872.1028,922.0,219.8,767.0
03/10/2018,14:30,33.67,15.84,1.998,181.29,871.4039,924.0,223.1,776.0
03/10/2018,14:40,33.36,16.18,1.651,170.67000000000002,871.2784,736.6,239.1,513.2
03/10/2018,14:50,32.78,14.79,1.094,127.61,871.4696,673.4,206.9,507.5
03/10/2018,15:00,34.12,14.17,2.249,112.017,871.2518,828.0,209.1,715.2
03/10/2018,15:10,34.19,14.24,1.884,178.06,871.2477,794.6,196.9,711.0
03/10/2018,15:20,34.08,13.52,1.924,130.775,871.0616,734.0,203.6,641.0
03/10/2018,15:30,34.32,12.88,2.135,119.919,870.7129,718.6,226.5,596.4
03/10/2018,15:40,33.54,14.14,1.374,125.0,870.3257,198.5,154.0,16.79
03/10/2018,15:50,32.8,14.28,1.206,181.33,870.6395,139.5,117.8,0.0
03/10/2018,16:00,32.32,14.38,1.484,186.52,870.3996,213.0,144.3,62.58
03/10/2018,16:10,32.86,14.17,1.234,138.82,870.2851,292.0,199.3,74.39
03/10/2018,16:20,32.93,13.93,1.438,130.52,870.1362,226.3,186.6,17.3
03/10/2018,16:30,32.54,14.0,1.677,125.72,870.2659,188.9,158.7,1.543
03/10/2018,16:40,32.46,14.27,1.383,113.19,870.1818,189.4,161.0,1.478
03/10/2018,16:50,32.45,14.34,1.34,118.95,870.3951,206.9,170.7,12.14
03/10/2018,17:00,32.34,14.24,1.697,115.74,870.616,179.1,153.6,0.16
03/10/2018,17:10,32.26,14.92,1.151,101.325,870.3951,146.1,115.4,0.38
03/10/2018,17:20,32.51,14.27,1.045,73.0,870.1953,155.8,89.7,114.3
03/10/2018,17:30,32.16,15.47,1.049,68.815,870.3045,85.8,66.57,1.369
03/10/2018,17:40,31.67,14.96,0.61,40.876,870.522,57.35,44.92,5.102
03/10/2018,17:50,32.16,14.41,0.376,77.3851,870.0684,108.9,49.93,189.5
03/10/2018,18:00,32.21,21.43,1.938,181.3094,870.285,117.5,56.95,216.2
03/10/2018,18:10,30.78,22.42,2.195,148.4774,870.1743,85.2,46.32,150.1
03/10/2018,18:20,30.13,23.17,2.59,283.8247,870.208,43.15,29.21,47.37
03/10/2018,18:30,29.36,23.0,4.101,112.4609,870.5782,24.0,19.93,0.0
03/10/2018,18:40,29.13,22.62,3.389,7.3608,870.0363,21.83,17.65,0.063
03/10/2018,18:50,29.03,23.06,2.478,75.2704,869.9598,8.5,6.483,0.0
03/10/2018,19:00,28.6,24.39,2.406,75.32489999999999,870.3759,0.481,0.151,0.0
03/10/2018,19:10,28.12,25.35,2.503,146.1217,870.6,0.0,0.0,0.0
03/10/2018,19:20,27.89,25.58,2.351,281.5445,870.1429,0.0,0.0,0.0
03/10/2018,19:30,27.73,25.76,2.843,281.2728,870.295,0.0,0.0,0.0
03/10/2018,19:40,27.48,26.03,2.421,350.78000000000003,870.8525,0.0,0.0,0.0
03/10/2018,19:50,27.28,26.17,2.373,335.71,870.9487,0.0,0.0,0.0
03/10/2018,20:00,27.06,26.24,2.588,273.033,870.7793,0.0,0.0,0.0
03/10/2018,20:10,26.92,25.9,2.697,309.87,870.8491,0.0,0.0,0.02
03/10/2018,20:20,26.88,24.53,2.417,315.8079,871.065,0.0,0.0,0.024
03/10/2018,20:30,27.3,23.92,3.213,342.39,871.1437,0.0,0.0,0.239
03/10/2018,20:40,26.83,24.57,2.281,37.0699,871.2419,0.0,0.0,0.0
03/10/2018,20:50,26.53,25.04,1.459,88.779,871.4011,0.0,0.0,0.0
03/10/2018,21:00,26.37,25.76,0.314,93.131,871.5989,0.0,0.0,0.0
03/10/2018,21:10,26.26,26.1,1.129,205.3022,871.6234,0.0,0.0,0.0
03/10/2018,21:20,26.16,26.61,0.392,113.732,871.8084,0.0,0.0,0.0
03/10/2018,21:30,25.88,28.22,0.222,162.549,872.2605,0.0,0.0,0.0
03/10/2018,21:40,25.43,28.62,0.563,25.5982,872.3204,0.0,0.0,0.063
03/10/2018,21:50,25.52,29.31,1.231,28.435,872.3943,0.0,0.0,0.104
03/10/2018,22:00,25.44,28.83,0.488,183.1577,872.5009,0.0,0.0,0.027
03/10/2018,22:10,25.43,29.72,1.975,277.6385,872.4107,0.0,0.0,0.23
03/10/2018,22:20,25.03,30.06,2.446,179.327,872.5503,0.0,0.0,0.018
03/10/2018,22:30,24.74,30.57,2.254,53.628,872.6974,0.0,0.0,0.0
03/10/2018,22:40,24.69,29.95,1.634,14.762899999999998,872.5987,0.0,0.0,0.045
03/10/2018,22:50,24.86,29.92,1.775,50.757,872.6892,0.0,0.0,0.068
03/10/2018,23:00,24.74,30.26,1.574,310.9336,872.7953,0.0,0.0,0.022
03/10/2018,23:10,24.47,30.53,1.816,267.6432,872.7791,0.0,0.0,0.0
03/10/2018,23:20,24.34,31.01,1.028,307.7469,872.9263,0.0,0.0,0.0
03/10/2018,23:30,24.04,30.6,0.617,333.32,872.9913,0.0,0.0,0.0
03/10/2018,23:40,23.69,31.35,1.194,326.64,872.9261,0.0,0.0,0.0
03/10/2018,23:50,23.32,31.35,1.31,330.14,872.9506,0.0,0.0,0.0
