,Ib,Ig,Id,To,HR,WS,P,WD
2018-03-04 00:00:00,0.0,0.0,0.0,22.19,25.93,0.994,876.5656,315.946
2018-03-04 00:10:00,0.087,0.0,0.0,21.74,23.89,0.9,876.5982,329.6
2018-03-04 00:20:00,0.125,0.0,0.0,22.59,24.91,0.797,876.6808,330.45
2018-03-04 00:30:00,0.013,0.0,0.0,21.85,24.81,1.283,876.8106,338.5
2018-03-04 00:40:00,0.18,0.0,0.0,21.62,25.52,2.123,876.991,348.0
2018-03-04 00:50:00,0.088,0.0,0.0,21.36,27.23,2.041,877.04,346.85
2018-03-04 01:00:00,0.167,0.0,0.0,21.02,26.27,2.251,876.9988,337.35
2018-03-04 01:10:00,0.147,0.0,0.0,21.29,27.81,2.146,877.0317,309.3027
2018-03-04 01:20:00,0.0,0.0,0.0,20.5,29.03,2.37,877.0317,347.25
2018-03-04 01:30:00,0.08,0.0,0.0,20.47,28.08,2.719,877.0153,334.09000000000003
2018-03-04 01:40:00,0.08,0.0,0.0,20.61,28.25,2.211,877.0153,343.13
2018-03-04 01:50:00,0.0,0.0,0.0,20.27,29.95,1.775,876.9415,188.352
2018-03-04 02:00:00,0.0,0.0,0.0,19.74,30.67,2.026,876.7448,213.4927
2018-03-04 02:10:00,0.0,0.0,0.0,19.22,32.71,2.181,876.9182,343.61
2018-03-04 02:20:00,0.178,0.0,0.0,19.37,31.04,2.524,876.8427,341.87
2018-03-04 02:30:00,0.098,0.0,0.0,19.61,31.76,2.073,876.6563,333.3
2018-03-04 02:40:00,0.0,0.0,0.0,18.87,33.43,2.078,877.0236,209.79989999999998
2018-03-04 02:50:00,0.0,0.0,0.0,18.45,34.04,1.899,876.7285,155.3126
2018-03-04 03:00:00,0.0,0.0,0.0,18.08,36.33,1.235,876.959,280.32370000000003
2018-03-04 03:10:00,0.053,0.0,0.0,17.93,34.9,1.951,877.0798,283.8115
2018-03-04 03:20:00,0.388,0.0,0.0,18.75,32.13,1.865,876.9672,277.9462
2018-03-04 03:30:00,0.229,0.0,0.0,19.2,34.35,2.227,877.1953,309.44079999999997
2018-03-04 03:40:00,0.046,0.0,0.0,18.54,34.79,2.479,877.0971,327.61
2018-03-04 03:50:00,0.113,0.0,0.0,18.66,34.35,2.229,877.1707,312.71
2018-03-04 04:00:00,0.0,0.0,0.0,17.9,38.54,2.151,876.9742,319.06
2018-03-04 04:10:00,0.048,0.0,0.0,17.49,38.17,2.353,877.0974,316.41999999999996
2018-03-04 04:20:00,0.0,0.0,0.0,17.51,39.15,2.211,877.1953,309.0
2018-03-04 04:30:00,0.036,0.0,0.0,17.69,37.49,1.961,877.1953,332.51
2018-03-04 04:40:00,0.028,0.0,0.0,17.6,39.02,2.45,877.0066,330.91999999999996
2018-03-04 04:50:00,0.013,0.0,0.0,17.35,40.28,2.349,876.8436,332.65999999999997
2018-03-04 05:00:00,0.033,0.0,0.0,17.26,39.77,2.675,877.0809,340.23
2018-03-04 05:10:00,0.013,0.0,0.0,17.32,39.33,2.888,877.4008,346.94
2018-03-04 05:20:00,0.007,0.0,0.0,17.29,39.26,2.785,877.5627,345.77
2018-03-04 05:30:00,0.0,0.0,0.0,17.1,40.04,3.245,877.1871,345.86
2018-03-04 05:40:00,0.0,0.0,0.0,16.9,39.94,3.261,877.7686,343.99
2018-03-04 05:50:00,0.013,0.0,0.0,16.8,40.89,3.296,877.7762,345.38
2018-03-04 06:00:00,0.09,0.0,0.0,16.77,39.63,3.198,877.7839,344.46999999999997
2018-03-04 06:10:00,0.0,0.0,0.0,16.7,39.8,3.069,877.7018,354.53000000000003
2018-03-04 06:20:00,0.094,0.0,0.0,16.74,39.36,2.844,877.8088,352.37
2018-03-04 06:30:00,0.004,0.0,0.0,16.69,40.21,2.666,877.7444,341.38
2018-03-04 06:40:00,0.005,0.0,0.0,16.47,40.11,2.346,878.0125,344.21
2018-03-04 06:50:00,0.03,0.0,0.0,16.39,40.59,2.69,878.2104,344.96999999999997
2018-03-04 07:00:00,0.0,1.399,0.891,16.13,41.51,2.584,878.1033,329.83000000000004
2018-03-04 07:10:00,8.76,9.61,7.444,15.93,41.0,2.433,878.4876,323.45
2018-03-04 07:20:00,119.8,29.36,17.28,16.1,39.97,2.191,878.6349,330.79
2018-03-04 07:30:00,234.7,57.84,26.78,16.16,39.87,2.301,878.774,330.14
2018-03-04 07:40:00,345.1,93.2,35.4,16.59,38.68,1.819,878.8722,306.267
2018-03-04 07:50:00,427.4,127.6,42.56,17.1,37.59,1.544,878.6502,287.7232
2018-03-04 08:00:00,492.4,168.5,49.06,17.83,36.39,1.228,878.693,293.16999999999996
2018-03-04 08:10:00,537.0,207.0,55.15,18.75,33.63,1.073,879.0439,266.94
2018-03-04 08:20:00,577.1,246.6,60.57,19.78,32.99,1.11,879.371,204.4
2018-03-04 08:30:00,618.4,287.8,65.13,20.6,31.76,0.815,879.0264,214.24
2018-03-04 08:40:00,657.2,331.2,69.48,21.17,31.32,1.442,879.2001,201.9
2018-03-04 08:50:00,680.3,372.1,74.43,21.13,29.92,1.607,879.6478,189.07
2018-03-04 09:00:00,706.6,412.5,77.43,21.79,28.93,1.493,879.601,178.70999999999998
2018-03-04 09:10:00,728.6,453.8,81.8,22.31,27.84,1.424,879.6897,156.25
2018-03-04 09:20:00,746.6,493.8,85.9,22.8,26.92,1.785,879.7302,225.55
2018-03-04 09:30:00,759.6,530.4,90.1,22.85,27.3,1.565,879.6266,203.7
2018-03-04 09:40:00,777.2,568.1,93.1,23.07,27.4,1.326,879.255,170.8
2018-03-04 09:50:00,796.6,608.0,95.8,23.33,26.0,1.042,879.4669,162.23
2018-03-04 10:00:00,828.0,650.0,94.1,23.94,25.04,1.703,879.4604,131.05
2018-03-04 10:10:00,843.0,685.1,94.7,24.4,24.84,1.622,879.5811,193.54000000000002
2018-03-04 10:20:00,848.0,715.7,98.2,24.4,25.76,1.625,879.5346,118.08800000000001
2018-03-04 10:30:00,852.0,744.2,101.8,24.97,26.17,1.761,879.3504,97.232
2018-03-04 10:40:00,857.0,772.3,104.0,24.83,26.2,1.416,879.2678,183.04000000000002
2018-03-04 10:50:00,867.0,800.0,105.2,25.38,25.76,1.243,878.9631,179.20999999999998
2018-03-04 11:00:00,869.0,824.0,107.7,25.32,24.7,1.834,878.899,199.19
2018-03-04 11:10:00,864.0,842.0,111.3,25.35,27.9,1.867,878.9384,167.98
2018-03-04 11:20:00,876.0,868.0,112.1,25.41,25.07,1.713,878.699,209.31
2018-03-04 11:30:00,880.0,886.0,112.3,26.17,26.44,1.434,878.6735,191.196
2018-03-04 11:40:00,885.0,904.0,114.1,25.24,25.42,1.239,878.6905,157.15
2018-03-04 11:50:00,893.0,924.0,115.2,27.01,23.68,2.017,878.5156,115.402
2018-03-04 12:00:00,901.0,943.0,116.1,27.0,23.92,1.706,878.3041,171.57
2018-03-04 12:10:00,904.0,954.0,116.6,27.19,23.95,2.175,878.0062,146.183
2018-03-04 12:20:00,901.0,962.0,118.8,26.82,24.94,1.884,877.8647,192.28400000000002
2018-03-04 12:30:00,898.0,965.0,120.5,26.17,22.72,1.465,877.6418,148.24
2018-03-04 12:40:00,900.0,969.0,120.8,28.14,21.8,1.595,877.3084,165.628
2018-03-04 12:50:00,896.0,971.0,121.4,27.56,20.31,1.794,877.1803,250.36999999999998
2018-03-04 13:00:00,897.0,970.0,121.3,28.38,19.69,1.025,877.1626,247.769
2018-03-04 13:10:00,895.0,968.0,121.6,28.94,20.13,1.352,876.8574,311.14
2018-03-04 13:20:00,893.0,968.0,123.5,27.61,20.61,1.972,876.7686,227.49
2018-03-04 13:30:00,881.0,951.0,123.5,28.39,20.48,1.458,876.5193,172.88
2018-03-04 13:40:00,872.0,940.0,125.3,29.37,19.49,1.507,876.3255,171.39000000000001
2018-03-04 13:50:00,857.0,926.0,130.6,28.99,19.69,2.236,876.2159,135.697
2018-03-04 14:00:00,850.0,914.0,132.7,29.31,18.23,2.306,875.9651,79.73100000000001
2018-03-04 14:10:00,848.0,906.0,134.3,28.8,19.45,2.03,875.8197,146.48
2018-03-04 14:20:00,834.0,881.0,135.0,29.65,18.33,1.455,875.5681,193.87
2018-03-04 14:30:00,834.0,870.0,134.5,29.26,20.27,2.866,875.0599,127.527
2018-03-04 14:40:00,819.0,838.0,132.3,29.66,16.08,1.081,875.0331,224.28000000000003
2018-03-04 14:50:00,810.0,814.0,130.5,30.4,16.8,1.518,874.8542,112.27000000000001
2018-03-04 15:00:00,806.0,795.2,129.0,30.37,16.46,2.328,874.4147,122.6
2018-03-04 15:10:00,796.0,765.1,125.9,30.72,16.29,1.483,874.2131,212.01
2018-03-04 15:20:00,793.7,740.8,123.5,30.8,15.94,2.682,874.0082,231.21999999999997
2018-03-04 15:30:00,785.0,713.6,121.1,29.48,15.81,2.355,873.8085,153.10999999999999
2018-03-04 15:40:00,770.2,676.7,118.0,30.73,14.58,1.715,873.7925,147.70999999999998
2018-03-04 15:50:00,759.6,644.4,115.2,31.5,14.48,1.897,873.9214,136.76
2018-03-04 16:00:00,745.6,612.4,112.8,31.47,14.24,2.13,873.4353,172.73
2018-03-04 16:10:00,735.4,579.0,110.1,31.95,14.14,1.777,873.6573,238.26
2018-03-04 16:20:00,713.2,538.1,106.2,31.74,13.53,1.442,873.3098,164.538
2018-03-04 16:30:00,696.9,498.6,100.8,32.43,14.17,0.93,873.1022,160.24
2018-03-04 16:40:00,667.5,457.3,97.5,32.04,13.39,1.528,872.9547,156.82999999999998
2018-03-04 16:50:00,629.3,413.2,94.6,31.83,13.35,2.349,872.8962,159.866
2018-03-04 17:00:00,590.1,367.6,90.0,31.99,13.25,1.258,872.8364,162.81
2018-03-04 17:10:00,558.4,326.5,85.1,32.63,13.29,1.679,872.653,175.26
2018-03-04 17:20:00,517.6,285.3,80.5,31.66,14.51,2.186,872.847,216.81
2018-03-04 17:30:00,471.1,243.1,74.21,31.18,13.63,2.465,872.8588,191.13
2018-03-04 17:40:00,413.2,198.9,66.44,31.14,13.8,1.845,872.6918,202.09
2018-03-04 17:50:00,361.3,159.6,58.72,31.09,14.41,1.603,872.807,207.04000000000002
2018-03-04 18:00:00,307.6,123.6,49.93,30.8,15.09,1.745,873.1017,184.92000000000002
2018-03-04 18:10:00,239.6,91.5,41.03,30.1,15.06,2.044,873.2468,177.92000000000002
2018-03-04 18:20:00,164.4,57.42,29.8,30.2,15.47,1.181,873.3448,206.19
2018-03-04 18:30:00,81.3,29.73,18.44,29.75,15.67,1.188,873.0535,206.42
2018-03-04 18:40:00,1.278,9.31,7.195,28.96,17.95,0.896,873.1277,241.03000000000003
2018-03-04 18:50:00,0.0,0.867,0.461,28.33,18.53,0.23,873.67,279.79
2018-03-04 19:00:00,0.0,0.0,0.0,27.82,20.85,0.036,873.5629,255.16
2018-03-04 19:10:00,0.0,0.0,0.0,27.12,21.36,0.0,873.2356,303.36
2018-03-04 19:20:00,0.0,0.0,0.0,26.54,22.04,0.626,873.5779,340.82
2018-03-04 19:30:00,0.007,0.0,0.0,25.82,22.21,2.027,873.7489,346.64
2018-03-04 19:40:00,0.001,0.0,0.0,25.38,23.99,2.624,873.6489,316.8208
2018-03-04 19:50:00,0.0,0.0,0.0,25.05,23.99,2.419,873.8457,318.4268
2018-03-04 20:00:00,0.0,0.0,0.0,24.68,25.08,2.346,873.917,321.8586
2018-03-04 20:10:00,0.0,0.0,0.0,24.28,24.57,2.178,873.9813,353.33000000000004
2018-03-04 20:20:00,0.0,0.0,0.0,24.33,24.64,2.179,874.0037,316.4425
2018-03-04 20:30:00,0.024,0.0,0.0,24.22,24.74,2.825,874.1683,239.6039
2018-03-04 20:40:00,0.026,0.0,0.0,24.02,24.64,2.698,874.2186,310.6744
2018-03-04 20:50:00,0.286,0.0,0.0,24.43,23.96,3.078,874.2998,348.46
2018-03-04 21:00:00,0.0,0.0,0.0,24.24,24.5,2.106,874.3903,251.3581
2018-03-04 21:10:00,0.0,0.0,0.0,24.05,24.77,1.246,874.4228,110.5827
2018-03-04 21:20:00,0.007,0.0,0.0,23.97,25.08,1.636,874.5373,279.5277
2018-03-04 21:30:00,0.001,0.0,0.0,23.81,25.18,2.042,874.5045,348.65
2018-03-04 21:40:00,0.11,0.0,0.0,23.75,25.59,2.679,874.5535,355.88
2018-03-04 21:50:00,0.0,0.0,0.0,23.48,25.8,2.148,874.6683,355.93
2018-03-04 22:00:00,0.001,0.0,0.0,23.55,26.21,2.234,874.6105,284.16639999999995
2018-03-04 22:10:00,0.0,0.0,0.0,23.43,26.55,1.45,874.562,319.78200000000004
2018-03-04 22:20:00,0.054,0.0,0.0,23.62,26.41,1.458,874.7007,109.872
2018-03-04 22:30:00,0.0,0.0,0.0,23.55,27.57,0.301,874.7747,273.2837
2018-03-04 22:40:00,0.0,0.0,0.0,23.11,27.81,0.112,874.758,323.54
2018-03-04 22:50:00,0.001,0.0,0.0,23.02,27.84,0.638,874.9052,287.15999999999997
2018-03-04 23:00:00,0.0,0.0,0.0,22.65,29.27,1.284,874.7906,284.91999999999996
2018-03-04 23:10:00,0.015,0.0,0.0,22.4,28.25,1.306,874.8155,170.18
2018-03-04 23:20:00,0.043,0.0,0.0,22.4,29.55,0.847,875.0528,115.19000000000001
2018-03-04 23:30:00,0.0,0.0,0.0,21.89,31.28,0.334,875.3145,215.88299999999998
2018-03-04 23:40:00,0.0,0.0,0.0,21.44,31.79,1.024,875.4617,229.52599999999998
2018-03-04 23:50:00,0.005,0.0,0.0,21.63,31.01,1.01,875.5595,50.15
2018-03-05 00:00:00,0.051,0.0,0.0,21.26,34.25,1.232,875.5267,46.066
2018-03-05 00:10:00,0.0,0.0,0.0,20.51,33.29,0.334,875.5106,73.936
2018-03-05 00:20:00,0.134,0.0,0.0,20.71,31.59,1.127,875.1579,95.136
2018-03-05 00:30:00,0.182,0.0,0.0,21.12,33.94,0.387,875.0853,103.5373
2018-03-05 00:40:00,0.161,0.0,0.0,20.85,33.6,1.54,875.5442,15.039000000000001
2018-03-05 00:50:00,0.191,0.0,0.0,20.6,33.8,2.094,875.7231,247.38959999999997
2018-03-05 01:00:00,0.104,0.0,0.0,20.72,33.33,2.456,875.5259,339.31
2018-03-05 01:10:00,0.022,0.0,0.0,20.8,32.75,2.411,875.3722,335.94
2018-03-05 01:20:00,0.005,0.0,0.0,20.55,33.26,2.383,875.7314,323.43
2018-03-05 01:30:00,0.012,0.0,0.0,20.98,32.27,1.741,875.6649,323.77
2018-03-05 01:40:00,0.073,0.0,0.0,21.13,33.36,1.808,875.372,245.737
2018-03-05 01:50:00,0.006,0.0,0.0,20.54,35.13,1.793,875.445,308.99
2018-03-05 02:00:00,0.0,0.0,0.0,20.07,34.55,1.998,875.1334,90.4711
2018-03-05 02:10:00,0.0,0.0,0.0,20.14,34.45,1.297,875.0696,29.399
2018-03-05 02:20:00,0.028,0.0,0.0,20.27,34.38,1.036,875.1013,33.483999999999995
2018-03-05 02:30:00,0.069,0.0,0.0,20.29,35.3,0.833,875.3302,19.984
2018-03-05 02:40:00,0.0,0.0,0.0,20.17,34.01,1.15,874.987,49.176
2018-03-05 02:50:00,0.0,0.0,0.0,20.2,35.03,0.642,875.2313,36.3681
2018-03-05 03:00:00,0.0,0.0,0.0,19.97,36.09,0.225,875.1516,191.369
2018-03-05 03:10:00,0.0,0.0,0.0,19.94,36.7,0.576,875.1588,277.407
2018-03-05 03:20:00,0.262,0.0,0.0,20.2,33.77,1.304,875.1752,344.33000000000004
2018-03-05 03:30:00,0.366,0.0,0.0,20.32,35.95,1.988,875.1831,346.11
2018-03-05 03:40:00,0.137,0.0,0.0,19.72,36.02,2.394,875.0933,344.73
2018-03-05 03:50:00,0.032,0.0,0.0,19.74,36.05,2.254,875.1425,340.0
2018-03-05 04:00:00,0.001,0.0,0.0,20.0,35.71,2.06,875.2324,343.74
2018-03-05 04:10:00,0.0,0.0,0.0,19.13,39.84,2.51,874.9861,352.82
2018-03-05 04:20:00,0.01,0.0,0.0,18.84,38.81,2.364,874.7416,315.839
2018-03-05 04:30:00,0.017,0.0,0.0,18.97,38.92,2.1,874.8889,347.66999999999996
2018-03-05 04:40:00,0.0,0.0,0.0,18.77,39.36,2.039,874.7416,350.1
2018-03-05 04:50:00,0.002,0.0,0.0,18.61,39.15,1.448,874.9471,248.6957
2018-03-05 05:00:00,0.063,0.0,0.0,18.83,39.87,1.34,875.3389,250.8838
2018-03-05 05:10:00,0.0,0.0,0.0,18.03,42.05,2.108,875.1579,179.8023
2018-03-05 05:20:00,0.048,0.0,0.0,18.07,38.51,1.458,874.8971,344.5
2018-03-05 05:30:00,0.097,0.0,0.0,18.41,41.74,1.554,875.1433,339.62
2018-03-05 05:40:00,0.0,0.0,0.0,17.49,42.29,1.85,875.1252,338.59000000000003
2018-03-05 05:50:00,0.0,0.0,0.0,17.48,42.7,1.541,875.1599,333.86
2018-03-05 06:00:00,0.015,0.0,0.0,17.43,42.7,1.769,875.6821,333.28000000000003
2018-03-05 06:10:00,0.019,0.0,0.0,17.2,41.61,2.073,875.6169,325.61
2018-03-05 06:20:00,0.023,0.0,0.0,17.64,40.18,1.605,875.7644,328.05
2018-03-05 06:30:00,0.0,0.0,0.0,17.29,42.29,1.808,875.8867,333.56
2018-03-05 06:40:00,0.111,0.0,0.0,17.1,43.21,2.451,875.8044,341.62
2018-03-05 06:50:00,0.236,0.0,0.0,17.16,43.31,2.944,875.5595,351.13
2018-03-05 07:00:00,0.028,2.005,1.469,16.95,43.72,3.239,875.7242,349.1
2018-03-05 07:10:00,15.95,11.36,8.77,16.95,43.96,2.841,875.903,344.56
2018-03-05 07:20:00,125.4,31.45,18.63,17.04,42.97,2.764,876.3698,280.47020000000003
2018-03-05 07:30:00,227.8,59.33,28.32,17.25,43.31,2.813,876.5411,144.99099999999999
2018-03-05 07:40:00,317.2,91.8,36.75,17.32,42.84,2.001,876.6474,340.96999999999997
2018-03-05 07:50:00,385.0,126.0,44.6,17.72,42.43,1.764,876.7046,342.76
2018-03-05 08:00:00,440.8,161.7,51.56,18.35,39.36,1.118,876.4593,179.055
2018-03-05 08:10:00,498.0,201.1,57.67,19.68,35.37,0.242,876.8601,208.477
2018-03-05 08:20:00,547.0,240.9,62.81,21.33,33.19,0.0,876.671,237.08
2018-03-05 08:30:00,590.1,282.6,67.77,21.46,34.01,0.0,876.6975,275.69
2018-03-05 08:40:00,632.3,325.5,72.16,22.52,31.79,0.032,877.1297,127.069
2018-03-05 08:50:00,668.5,368.9,75.95,23.36,32.03,0.22,877.0811,106.85999999999999
2018-03-05 09:00:00,693.0,410.6,79.89,23.62,33.33,0.69,877.0889,116.58
2018-03-05 09:10:00,719.2,452.2,83.0,24.28,32.44,0.855,877.1135,145.48
2018-03-05 09:20:00,734.3,490.8,86.6,24.61,34.49,1.249,877.1851,155.03
2018-03-05 09:30:00,768.9,537.9,89.0,24.55,35.95,1.801,877.1173,167.01
2018-03-05 09:40:00,794.0,578.7,90.5,24.29,35.3,1.522,877.0395,121.99000000000001
2018-03-05 09:50:00,816.0,618.8,92.1,24.8,36.49,1.601,877.0159,81.3737
2018-03-05 10:00:00,824.0,652.0,94.8,24.7,33.28,1.415,877.0483,170.98
2018-03-05 10:10:00,827.0,680.4,98.1,25.8,34.72,1.446,876.981,171.53
2018-03-05 10:20:00,839.0,715.6,100.1,24.54,33.52,2.071,876.9586,153.84
2018-03-05 10:30:00,853.0,748.6,101.6,25.52,32.5,1.863,876.894,183.1
2018-03-05 10:40:00,858.0,775.4,104.0,25.89,33.12,2.008,876.9341,149.06
2018-03-05 10:50:00,864.0,804.0,107.3,25.67,33.15,2.128,876.8643,155.60999999999999
2018-03-05 11:00:00,869.0,830.0,110.3,26.23,32.43,2.454,876.8312,165.99
2018-03-05 11:10:00,872.0,853.0,114.0,26.08,30.8,1.963,876.7335,185.17000000000002
2018-03-05 11:20:00,878.0,875.0,115.6,26.34,31.85,1.943,876.6104,181.01
2018-03-05 11:30:00,882.0,894.0,116.7,26.87,31.24,2.347,876.4128,174.46999999999997
2018-03-05 11:40:00,887.0,912.0,117.6,26.48,30.25,1.32,876.3003,207.83
2018-03-05 11:50:00,892.0,932.0,119.2,26.82,30.9,2.207,876.2144,187.9
2018-03-05 12:00:00,878.0,934.0,124.7,27.1,28.41,1.632,875.9929,183.82
2018-03-05 12:10:00,881.0,949.0,127.7,27.44,28.21,2.005,875.7458,178.32999999999998
2018-03-05 12:20:00,872.0,957.0,134.7,27.54,27.29,2.327,875.5647,221.98000000000002
2018-03-05 12:30:00,864.0,961.0,141.1,27.88,26.61,1.968,875.2084,236.28000000000003
2018-03-05 12:40:00,844.0,951.0,146.7,28.17,25.31,1.297,875.1826,148.422
2018-03-05 12:50:00,839.0,955.0,152.5,29.18,23.75,1.447,874.8271,82.086
2018-03-05 13:00:00,820.0,944.0,154.1,28.5,26.51,2.518,874.7952,96.628
2018-03-05 13:10:00,813.0,936.0,153.9,28.13,25.24,1.862,874.5963,146.5137
2018-03-05 13:20:00,806.0,927.0,155.0,28.74,24.73,1.662,874.4053,144.52
2018-03-05 13:30:00,797.4,918.0,155.8,29.14,24.5,2.27,874.1127,144.27
2018-03-05 13:40:00,806.0,917.0,155.0,30.05,23.47,1.044,873.9997,98.078
2018-03-05 13:50:00,798.2,905.0,153.5,29.11,24.36,1.457,873.785,156.14000000000001
2018-03-05 14:00:00,790.4,887.0,152.5,30.14,23.13,2.398,873.7191,203.38
2018-03-05 14:10:00,790.6,876.0,150.3,29.92,21.94,1.904,873.4003,204.7482
2018-03-05 14:20:00,792.7,864.0,148.8,30.27,22.38,1.512,873.2992,150.2
2018-03-05 14:30:00,775.5,836.0,148.0,30.69,22.14,2.046,873.001,161.91
2018-03-05 14:40:00,782.9,826.0,143.9,30.41,21.19,2.051,872.8519,170.376
2018-03-05 14:50:00,783.9,807.0,140.5,30.44,21.12,2.704,872.5883,155.82
2018-03-05 15:00:00,782.4,784.6,137.4,31.36,18.74,0.851,872.4636,156.99
2018-03-05 15:10:00,787.9,771.7,136.7,31.72,19.73,1.994,872.3554,154.81
2018-03-05 15:20:00,766.5,739.3,137.4,31.65,20.2,2.735,872.1298,200.15699999999998
2018-03-05 15:30:00,743.8,702.0,137.6,32.29,18.57,0.925,871.8629,136.42000000000002
2018-03-05 15:40:00,723.6,669.9,138.5,32.83,19.04,1.521,871.7712,141.63
2018-03-05 15:50:00,702.1,639.0,139.6,32.7,18.84,1.87,871.7537,151.97
2018-03-05 16:00:00,676.8,604.7,141.6,32.87,17.24,1.658,871.3849,146.22
2018-03-05 16:10:00,675.0,586.7,144.4,32.61,18.09,2.302,871.3309,120.47
2018-03-05 16:20:00,631.5,537.5,142.7,33.03,16.08,1.505,871.5273,125.42
2018-03-05 16:30:00,584.3,492.7,144.8,33.24,17.21,2.117,871.5559,128.76
2018-03-05 16:40:00,554.0,466.5,153.5,33.11,15.74,2.061,871.5283,114.24000000000001
2018-03-05 16:50:00,516.2,440.5,165.6,33.23,16.28,1.758,871.5129,121.09
2018-03-05 17:00:00,490.7,421.3,176.3,33.28,17.0,2.014,871.3862,154.38
2018-03-05 17:10:00,437.2,396.9,188.8,32.86,15.23,1.875,871.2885,169.23
2018-03-05 17:20:00,394.5,372.0,192.5,32.86,16.32,2.838,871.2874,200.32
2018-03-05 17:30:00,332.6,315.8,166.2,32.04,15.88,2.61,871.2686,195.51
2018-03-05 17:40:00,240.1,231.7,129.6,31.95,16.35,1.702,871.2897,154.37
2018-03-05 17:50:00,136.4,161.2,101.1,31.74,16.39,2.558,871.2733,146.77
2018-03-05 18:00:00,53.06,102.0,73.9,31.0,18.06,2.15,871.404,168.38
2018-03-05 18:10:00,157.2,103.0,63.14,31.16,16.11,1.473,871.4896,182.81
2018-03-05 18:20:00,60.96,74.01,53.85,31.12,17.85,1.787,871.3692,174.91
2018-03-05 18:30:00,26.49,39.84,30.09,30.24,17.89,2.257,871.4105,184.12
2018-03-05 18:40:00,0.031,16.82,13.38,29.95,18.43,2.041,871.3656,155.94
2018-03-05 18:50:00,0.0,2.623,1.682,29.71,18.84,1.264,871.2445,165.54000000000002
2018-03-05 19:00:00,0.0,0.062,0.0,29.41,19.59,1.091,871.5344,188.27
2018-03-05 19:10:00,0.0,0.0,0.0,29.13,19.93,0.403,871.6791,178.49
2018-03-05 19:20:00,0.0,0.0,0.0,28.94,20.1,0.227,871.7158,195.43
2018-03-05 19:30:00,0.0,0.0,0.0,28.66,21.57,0.0,871.8666,213.20999999999998
2018-03-05 19:40:00,0.0,0.0,0.0,28.22,22.76,0.0,871.7776,285.06
2018-03-05 19:50:00,0.0,0.0,0.0,27.81,23.27,0.798,871.9262,320.37
2018-03-05 20:00:00,0.0,0.0,0.0,27.19,25.11,1.934,871.9067,326.54
2018-03-05 20:10:00,0.007,0.0,0.0,27.18,24.63,2.184,872.1055,349.21
2018-03-05 20:20:00,0.0,0.0,0.0,25.84,26.71,2.914,872.579,349.8
2018-03-05 20:30:00,0.008,0.0,0.0,25.73,26.0,2.604,872.5018,314.0412
2018-03-05 20:40:00,0.0,0.0,0.0,25.56,26.95,2.101,872.4174,249.0187
2018-03-05 20:50:00,0.002,0.0,0.0,25.18,27.19,2.234,872.7415,247.92510000000001
2018-03-05 21:00:00,0.001,0.0,0.0,24.93,28.28,1.99,872.8118,313.7632
2018-03-05 21:10:00,0.0,0.0,0.0,24.85,28.49,1.674,873.0258,55.530100000000004
2018-03-05 21:20:00,0.0,0.0,0.0,24.85,28.73,1.295,873.0992,146.6059
2018-03-05 21:30:00,0.0,0.0,0.0,24.64,29.03,1.431,873.3081,217.839
2018-03-05 21:40:00,0.0,0.0,0.0,24.56,28.97,1.34,873.2938,178.5163
2018-03-05 21:50:00,0.0,0.0,0.0,24.53,30.06,0.815,873.2451,248.6565
2018-03-05 22:00:00,0.0,0.0,0.0,24.01,31.52,1.354,873.2858,119.4728
2018-03-05 22:10:00,0.0,0.0,0.0,23.76,31.25,1.288,873.4495,212.35999999999999
2018-03-05 22:20:00,0.048,0.0,0.0,23.86,31.08,0.349,873.4417,266.51
2018-03-05 22:30:00,0.125,0.0,0.0,23.93,29.89,1.192,873.6128,283.33000000000004
2018-03-05 22:40:00,0.003,0.0,0.0,23.82,31.11,0.483,873.6462,272.52
2018-03-05 22:50:00,0.0,0.0,0.0,23.54,31.79,0.0,873.777,236.7096
2018-03-05 23:00:00,0.057,0.0,0.0,23.25,31.73,0.976,873.8912,81.244
2018-03-05 23:10:00,0.123,0.0,0.0,23.28,31.59,0.883,873.8582,162.38
2018-03-05 23:20:00,0.053,0.0,0.0,23.32,34.25,0.697,873.9241,155.78
2018-03-05 23:30:00,0.05,0.0,0.0,22.79,34.96,0.374,874.0793,226.42
2018-03-05 23:40:00,0.069,0.0,0.0,22.94,34.38,0.341,874.26,246.5256
2018-03-05 23:50:00,0.039,0.0,0.0,22.79,34.86,1.239,874.423,208.767
2018-03-06 00:00:00,0.084,0.0,0.0,22.66,34.49,1.662,874.5618,130.79500000000002
2018-03-06 00:10:00,0.0,0.0,0.0,22.73,37.42,0.546,874.5448,120.60499999999999
2018-03-06 00:20:00,0.0,0.0,0.0,22.82,40.14,0.156,874.5377,103.53299999999999
2018-03-06 00:30:00,0.009,0.0,0.0,22.6,41.1,0.537,874.5616,132.51
2018-03-06 00:40:00,0.0,0.0,0.0,22.65,41.54,0.011,874.5622,187.083
2018-03-06 00:50:00,0.0,0.0,0.0,22.68,41.44,0.027,874.643,29.464
2018-03-06 01:00:00,0.275,0.0,0.0,22.44,41.78,1.002,874.4966,181.5881
2018-03-06 01:10:00,0.0,0.0,0.0,22.09,43.14,1.706,874.201,213.2163
2018-03-06 01:20:00,0.0,0.0,0.0,21.24,45.77,2.221,874.268,273.754
2018-03-06 01:30:00,0.0,0.0,0.0,21.09,43.11,2.055,874.4554,331.77
2018-03-06 01:40:00,0.009,0.0,0.0,21.36,43.69,2.321,874.57,336.46999999999997
2018-03-06 01:50:00,0.02,0.0,0.0,21.34,44.54,2.283,874.2998,337.27
2018-03-06 02:00:00,0.0,0.0,0.0,20.84,46.62,2.275,874.4795,343.65
2018-03-06 02:10:00,0.0,0.0,0.0,20.28,47.84,2.526,874.4561,338.56
2018-03-06 02:20:00,0.0,0.0,0.0,19.69,48.9,2.351,874.5047,331.03000000000003
2018-03-06 02:30:00,0.269,0.0,0.0,20.54,45.9,2.161,874.398,338.98
2018-03-06 02:40:00,0.028,0.0,0.0,20.26,47.95,2.184,874.3079,338.34000000000003
2018-03-06 02:50:00,0.0,0.0,0.0,19.82,48.83,2.05,874.3247,329.71
2018-03-06 03:00:00,0.0,0.0,0.0,19.68,48.46,1.944,874.0049,331.15999999999997
2018-03-06 03:10:00,0.0,0.0,0.0,19.66,49.24,2.066,874.2191,336.56
2018-03-06 03:20:00,0.0,0.0,0.0,19.47,48.66,2.3,874.2916,350.14
2018-03-06 03:30:00,0.0,0.0,0.0,19.34,49.38,2.055,874.2592,354.32
2018-03-06 03:40:00,0.0,0.0,0.0,19.19,49.28,1.726,874.194,276.381
2018-03-06 03:50:00,0.024,0.0,0.0,19.14,49.48,1.496,874.3246,333.36
2018-03-06 04:00:00,0.083,0.0,0.0,18.94,46.82,1.904,874.4146,332.1
2018-03-06 04:10:00,0.198,0.0,0.0,19.38,47.57,1.819,874.0702,334.61
2018-03-06 04:20:00,0.0,0.0,0.0,18.96,48.97,2.013,874.2848,334.0
2018-03-06 04:30:00,0.0,0.0,0.0,18.69,49.65,2.036,874.6683,338.1
2018-03-06 04:40:00,0.026,0.0,0.0,18.86,49.31,2.026,874.7253,346.51
2018-03-06 04:50:00,0.0,0.0,0.0,18.65,50.57,2.208,874.553,349.16999999999996
2018-03-06 05:00:00,0.035,0.0,0.0,18.38,50.2,2.338,874.4146,41.9642
2018-03-06 05:10:00,0.073,0.0,0.0,18.74,50.47,2.318,874.8561,22.019
2018-03-06 05:20:00,0.013,0.0,0.0,18.88,50.98,1.8,874.6108,23.595999999999997
2018-03-06 05:30:00,0.055,0.0,0.0,19.05,51.59,1.568,874.5127,14.3323
2018-03-06 05:40:00,0.076,0.0,0.0,19.08,50.5,1.493,874.5135,144.3246
2018-03-06 05:50:00,0.055,0.0,0.0,19.13,50.09,1.739,874.9219,345.01
2018-03-06 06:00:00,0.182,0.0,0.0,19.42,49.82,1.968,874.7324,351.49
2018-03-06 06:10:00,0.0,0.0,0.0,19.02,51.56,2.081,874.6683,353.63
2018-03-06 06:20:00,0.0,0.0,0.0,18.35,52.55,2.085,874.8651,41.515699999999995
2018-03-06 06:30:00,0.0,0.0,0.0,18.29,52.07,2.111,875.1582,251.67399999999998
2018-03-06 06:40:00,0.018,0.0,0.0,18.5,51.97,2.016,875.208,350.95
2018-03-06 06:50:00,0.055,0.0,0.0,18.16,53.09,1.811,874.9873,249.3096
2018-03-06 07:00:00,0.246,1.942,1.756,18.25,51.73,2.148,875.3479,313.714
2018-03-06 07:10:00,8.43,12.16,10.35,18.57,49.99,2.161,875.4363,211.3404
2018-03-06 07:20:00,59.56,31.07,22.59,18.8,49.62,1.985,875.3141,179.3832
2018-03-06 07:30:00,120.5,55.72,35.58,19.15,48.29,1.435,875.6259,341.65999999999997
2018-03-06 07:40:00,177.6,85.1,48.92,19.5,47.3,1.388,876.0505,351.68
2018-03-06 07:50:00,234.3,118.1,61.98,19.88,46.79,1.542,875.7397,80.75919999999999
2018-03-06 08:00:00,277.1,152.0,74.48,20.28,45.97,0.983,876.2139,116.1487
2018-03-06 08:10:00,325.1,188.8,85.2,20.86,44.37,0.639,876.1395,109.43499999999999
2018-03-06 08:20:00,368.7,225.7,94.7,21.91,40.79,0.0,876.1085,79.16499999999999
2018-03-06 08:30:00,408.3,265.6,104.0,22.76,41.98,0.64,876.1556,102.274
2018-03-06 08:40:00,443.8,303.6,111.1,23.06,41.47,0.692,876.2715,162.57999999999998
2018-03-06 08:50:00,471.4,341.2,118.4,23.44,40.93,1.199,876.4189,184.74
2018-03-06 09:00:00,502.6,381.5,125.6,23.77,39.29,0.878,876.2858,170.47
2018-03-06 09:10:00,534.4,424.7,134.1,23.99,37.18,0.86,876.5665,178.18
2018-03-06 09:20:00,559.6,466.9,142.2,24.57,38.27,1.423,876.4044,204.49
2018-03-06 09:30:00,582.7,508.6,149.7,24.03,37.17,1.088,876.4988,157.54000000000002
2018-03-06 09:40:00,584.1,541.3,161.0,25.02,36.15,1.277,876.5498,195.19
2018-03-06 09:50:00,595.2,582.5,172.2,25.01,37.04,1.813,876.6115,239.7
2018-03-06 10:00:00,562.8,575.0,166.9,24.21,36.32,1.482,876.6727,197.2
2018-03-06 10:10:00,635.6,643.0,169.5,24.89,38.02,1.65,876.5452,198.25
2018-03-06 10:20:00,655.8,679.7,172.3,24.37,37.48,2.095,876.5568,151.18
2018-03-06 10:30:00,665.9,705.4,175.1,25.91,33.42,1.799,876.5641,168.6371
2018-03-06 10:40:00,683.5,736.9,176.9,26.13,34.31,1.476,876.4218,182.07
2018-03-06 10:50:00,702.0,766.8,176.6,26.49,33.08,1.557,876.5488,116.28099999999999
2018-03-06 11:00:00,718.9,794.9,176.0,26.78,31.79,1.104,876.2681,140.94310000000002
2018-03-06 11:10:00,735.8,821.0,175.7,27.68,31.62,1.154,876.2504,95.843
2018-03-06 11:20:00,745.5,843.0,175.5,27.73,32.84,1.289,876.1382,134.557
2018-03-06 11:30:00,745.8,858.0,177.7,26.78,32.23,1.025,876.1327,187.88
2018-03-06 11:40:00,763.0,885.0,177.9,27.71,31.75,1.961,875.8204,175.98
2018-03-06 11:50:00,775.5,901.0,174.8,27.06,30.56,1.86,875.6469,176.739
2018-03-06 12:00:00,784.6,910.0,171.4,29.13,29.3,1.042,875.6744,178.687
2018-03-06 12:10:00,786.5,918.0,167.6,28.86,29.81,1.45,875.4224,98.476
2018-03-06 12:20:00,790.6,929.0,167.9,28.93,27.5,1.364,875.1147,96.772
2018-03-06 12:30:00,786.6,934.0,171.4,28.66,30.02,2.087,874.92,91.801
2018-03-06 12:40:00,792.4,948.0,175.8,28.35,28.55,1.549,874.9387,131.411
2018-03-06 12:50:00,777.8,959.0,192.1,29.54,28.55,2.627,874.6203,125.473
2018-03-06 13:00:00,686.9,907.0,211.6,29.27,27.12,1.453,874.4668,229.1
2018-03-06 13:10:00,693.6,918.0,218.1,29.98,26.1,1.075,874.2905,148.1
2018-03-06 13:20:00,666.7,891.0,214.6,30.69,26.1,1.922,874.1136,160.402
2018-03-06 13:30:00,701.5,909.0,206.8,30.19,26.0,2.307,873.7923,159.76
2018-03-06 13:40:00,719.5,912.0,200.7,30.24,26.06,2.749,873.6348,181.26
2018-03-06 13:50:00,759.3,923.0,190.3,30.77,27.19,1.71,873.2894,202.82999999999998
2018-03-06 14:00:00,812.0,939.0,172.9,29.72,24.73,2.044,873.3625,207.63000000000002
2018-03-06 14:10:00,805.0,908.0,159.7,30.71,26.03,2.687,873.1505,126.28800000000001
2018-03-06 14:20:00,745.6,840.0,152.1,30.68,24.56,1.95,873.0893,191.13
2018-03-06 14:30:00,805.0,871.0,147.5,31.03,24.29,2.024,872.814,194.56
2018-03-06 14:40:00,786.5,839.0,144.7,31.19,23.68,2.195,872.5022,210.51999999999998
2018-03-06 14:50:00,805.0,833.0,140.1,31.35,22.62,1.896,872.445,210.01500000000001
2018-03-06 15:00:00,822.0,822.0,133.9,30.46,23.64,2.641,872.1039,145.45700000000002
2018-03-06 15:10:00,814.0,786.9,128.2,32.09,21.53,1.686,871.7051,187.88
2018-03-06 15:20:00,819.0,768.5,124.4,32.24,20.68,2.485,871.6631,154.01
2018-03-06 15:30:00,814.0,736.5,119.8,32.78,19.83,1.678,871.6652,191.89000000000001
2018-03-06 15:40:00,808.0,708.0,116.9,32.56,20.0,2.552,871.6427,144.87
2018-03-06 15:50:00,786.1,666.9,114.0,32.8,18.47,2.688,871.2042,156.76
2018-03-06 16:00:00,764.2,625.1,111.1,33.33,18.7,2.716,871.0737,138.35999999999999
2018-03-06 16:10:00,743.8,582.3,105.9,33.98,16.97,1.432,871.2296,147.38000000000002
2018-03-06 16:20:00,699.1,527.2,100.5,34.06,15.67,2.5,871.112,173.49
2018-03-06 16:30:00,694.9,495.4,95.5,33.73,16.08,2.553,871.1548,133.29000000000002
2018-03-06 16:40:00,681.4,458.4,91.3,33.92,14.58,1.932,871.1714,105.17
2018-03-06 16:50:00,661.7,420.2,86.2,34.21,15.74,1.72,871.1118,192.48
2018-03-06 17:00:00,650.5,385.3,81.4,33.83,15.47,2.083,871.0214,232.13000000000002
2018-03-06 17:10:00,622.2,341.9,75.76,34.1,14.45,1.274,871.0658,204.0
2018-03-06 17:20:00,595.0,300.2,69.7,34.81,13.9,0.326,871.014,126.054
2018-03-06 17:30:00,541.8,255.6,64.25,34.43,14.89,1.241,871.1082,137.925
2018-03-06 17:40:00,499.3,214.6,58.67,34.54,14.75,0.562,871.1906,131.85
2018-03-06 17:50:00,452.4,176.8,52.81,34.04,15.43,1.179,871.0963,139.07
2018-03-06 18:00:00,388.5,135.8,45.11,33.99,15.74,0.789,871.1875,193.81
2018-03-06 18:10:00,297.6,95.7,37.02,32.89,17.95,1.799,871.1602,163.2
2018-03-06 18:20:00,223.6,64.28,28.11,32.03,18.06,1.528,871.1475,115.68999999999998
2018-03-06 18:30:00,46.49,24.41,16.03,31.52,19.86,0.949,871.2422,109.15
2018-03-06 18:40:00,6.12,9.66,6.62,30.4,20.88,0.661,871.2548,136.87
2018-03-06 18:50:00,0.0,1.064,0.397,29.89,21.16,0.646,871.2743,166.946
2018-03-06 19:00:00,0.0,0.0,0.0,29.64,22.14,0.0,871.3373,86.307
2018-03-06 19:10:00,0.0,0.0,0.0,28.96,23.71,0.29,871.2654,83.622
2018-03-06 19:20:00,0.0,0.0,0.0,28.56,24.05,0.245,871.4437,24.9399
2018-03-06 19:30:00,0.0,0.0,0.0,28.05,26.23,1.201,871.5093,176.82049999999998
2018-03-06 19:40:00,0.0,0.0,0.0,27.08,26.23,2.23,871.688,344.0
2018-03-06 19:50:00,0.0,0.0,0.0,26.8,27.09,2.54,871.8398,343.58000000000004
2018-03-06 20:00:00,0.0,0.0,0.0,26.37,27.7,2.383,871.9825,344.46
2018-03-06 20:10:00,0.0,0.0,0.0,25.89,27.56,2.192,872.0906,247.108
2018-03-06 20:20:00,0.021,0.0,0.0,25.8,27.09,1.219,872.5037,330.55
2018-03-06 20:30:00,0.07,0.0,0.0,25.86,27.23,2.174,872.5851,249.76889999999997
2018-03-06 20:40:00,0.0,0.0,0.0,25.31,27.77,1.772,872.7324,317.6463
2018-03-06 20:50:00,0.004,0.0,0.0,25.07,28.11,2.174,872.8452,109.8018
2018-03-06 21:00:00,0.0,0.0,0.0,24.8,28.32,2.055,872.9705,336.1
2018-03-06 21:10:00,0.0,0.0,0.0,24.98,27.84,1.428,872.9332,274.8365
2018-03-06 21:20:00,0.002,0.0,0.0,25.0,28.83,1.006,873.0162,331.32
2018-03-06 21:30:00,0.0,0.0,0.0,24.5,28.01,1.27,873.213,339.64
2018-03-06 21:40:00,0.017,0.0,0.0,24.56,30.29,1.606,873.3024,336.90999999999997
2018-03-06 21:50:00,0.0,0.0,0.0,23.77,30.12,1.855,873.5069,247.4967
2018-03-06 22:00:00,0.001,0.0,0.0,23.83,31.86,1.22,873.5891,307.82
2018-03-06 22:10:00,0.0,0.0,0.0,23.62,30.47,1.174,873.7439,98.4176
2018-03-06 22:20:00,0.055,0.0,0.0,23.78,29.92,0.763,873.7686,157.0283
2018-03-06 22:30:00,0.227,0.0,0.0,24.39,29.31,0.715,873.866,29.072000000000003
2018-03-06 22:40:00,0.418,0.0,0.0,24.64,28.93,1.899,873.8591,38.005
2018-03-06 22:50:00,0.302,0.0,0.0,24.79,29.07,1.385,873.9896,138.781
2018-03-06 23:00:00,0.0,0.0,0.0,24.19,30.33,1.052,874.0954,326.21
2018-03-06 23:10:00,0.0,0.0,0.0,23.93,30.98,0.879,874.1124,312.73
2018-03-06 23:20:00,0.0,0.0,0.0,23.56,31.08,1.062,874.1689,329.53000000000003
2018-03-06 23:30:00,0.0,0.0,0.0,23.24,32.34,1.123,874.1611,107.6917
2018-03-06 23:40:00,0.0,0.0,0.0,22.92,33.67,0.779,874.2513,112.226
2018-03-06 23:50:00,0.004,0.0,0.0,22.45,33.4,0.318,874.3492,49.116
2018-03-07 00:00:00,0.082,0.0,0.0,22.54,34.42,0.769,874.2506,53.301
2018-03-07 00:10:00,0.348,0.0,0.0,22.91,32.78,1.076,874.3333,35.977
2018-03-07 00:20:00,0.286,0.0,0.0,23.29,32.1,1.297,874.4965,36.623000000000005
2018-03-07 00:30:00,0.196,0.0,0.0,23.29,31.28,1.326,874.5445,38.492000000000004
2018-03-07 00:40:00,0.213,0.0,0.0,23.49,31.76,1.632,874.4319,26.756999999999998
2018-03-07 00:50:00,0.075,0.0,0.0,23.3,32.03,0.941,874.5045,11.6645
2018-03-07 01:00:00,0.0,0.0,0.0,23.07,32.75,0.696,874.3896,42.0484
2018-03-07 01:10:00,0.065,0.0,0.0,22.95,32.58,1.729,874.3577,61.919000000000004
2018-03-07 01:20:00,0.0,0.0,0.0,22.81,32.99,0.703,874.5211,340.90999999999997
2018-03-07 01:30:00,0.1,0.0,0.0,22.75,32.65,1.141,874.717,22.9692
2018-03-07 01:40:00,0.153,0.0,0.0,22.85,34.15,1.113,874.4962,212.6116
2018-03-07 01:50:00,0.001,0.0,0.0,22.5,33.94,0.991,874.5945,340.23
2018-03-07 02:00:00,0.188,0.0,0.0,22.6,33.46,1.645,874.3812,312.82
2018-03-07 02:10:00,0.224,0.0,0.0,22.87,34.66,2.009,874.358,338.33000000000004
2018-03-07 02:20:00,0.005,0.0,0.0,22.52,36.43,2.108,874.3325,345.91999999999996
2018-03-07 02:30:00,0.0,0.0,0.0,21.57,36.8,2.26,874.2264,346.55
2018-03-07 02:40:00,0.0,0.0,0.0,21.63,38.13,1.98,874.1524,343.24
2018-03-07 02:50:00,0.0,0.0,0.0,21.45,37.52,1.979,874.3907,341.61
2018-03-07 03:00:00,0.052,0.0,0.0,21.59,35.64,1.79,874.5211,279.614
2018-03-07 03:10:00,0.088,0.0,0.0,21.36,39.26,1.602,874.5781,114.5133
2018-03-07 03:20:00,0.009,0.0,0.0,20.71,40.04,1.448,874.3981,343.41999999999996
2018-03-07 03:30:00,0.082,0.0,0.0,20.43,37.35,2.288,874.5781,338.26
2018-03-07 03:40:00,0.31,0.0,0.0,20.93,37.31,2.943,874.5699,331.90999999999997
2018-03-07 03:50:00,0.2,0.0,0.0,20.96,35.99,2.446,874.2665,118.0753
2018-03-07 04:00:00,0.055,0.0,0.0,20.91,38.98,1.101,874.5132,29.949
2018-03-07 04:10:00,0.105,0.0,0.0,20.79,39.29,1.486,874.4725,34.116
2018-03-07 04:20:00,0.03,0.0,0.0,20.73,38.88,1.232,874.6517,126.465
2018-03-07 04:30:00,0.003,0.0,0.0,21.03,37.11,0.831,874.7001,124.2467
2018-03-07 04:40:00,0.0,0.0,0.0,20.91,38.85,0.934,874.5048,88.0016
2018-03-07 04:50:00,0.0,0.0,0.0,20.59,39.67,0.436,874.6273,191.1263
2018-03-07 05:00:00,0.0,0.0,0.0,20.52,38.85,0.784,874.8977,204.7338
2018-03-07 05:10:00,0.006,0.0,0.0,20.8,39.12,1.15,874.9706,243.308
2018-03-07 05:20:00,0.258,0.0,0.0,20.62,40.04,1.74,874.9708,312.466
2018-03-07 05:30:00,0.146,0.0,0.0,20.33,39.29,1.868,875.1916,343.44
2018-03-07 05:40:00,0.075,0.0,0.0,20.38,40.38,1.991,875.0606,345.74
2018-03-07 05:50:00,0.032,0.0,0.0,19.82,42.66,2.241,875.2892,347.81
2018-03-07 06:00:00,0.1,0.0,0.0,19.95,41.64,2.183,875.4705,146.7001
2018-03-07 06:10:00,0.001,0.0,0.0,19.68,43.07,2.186,875.5595,316.31460000000004
2018-03-07 06:20:00,0.0,0.0,0.0,19.43,43.55,2.59,875.5271,319.93
2018-03-07 06:30:00,0.0,0.0,0.0,18.78,46.62,2.435,875.8051,303.69
2018-03-07 06:40:00,0.055,0.0,0.0,19.09,42.63,0.418,875.9524,180.2515
2018-03-07 06:50:00,0.024,0.0,0.0,19.46,42.53,0.305,875.7798,319.4567
2018-03-07 07:00:00,0.208,3.04,2.747,19.17,42.19,1.37,875.9851,111.9537
2018-03-07 07:10:00,3.644,16.97,14.35,19.31,42.36,1.109,876.1735,333.48
2018-03-07 07:20:00,51.32,43.06,32.94,19.34,41.17,1.249,876.2877,306.5
2018-03-07 07:30:00,114.6,75.37,52.16,19.8,42.12,0.782,876.5009,332.25
2018-03-07 07:40:00,172.0,105.3,65.52,19.64,43.89,1.418,876.8112,320.05
2018-03-07 07:50:00,217.1,135.9,79.5,19.82,44.33,1.495,876.8921,302.35
2018-03-07 08:00:00,205.3,146.4,82.2,20.22,43.65,0.855,876.8691,289.21
2018-03-07 08:10:00,321.3,199.4,92.5,20.87,43.35,1.226,877.1293,280.08000000000004
2018-03-07 08:20:00,360.7,248.5,115.2,21.55,42.05,1.543,877.3426,259.99
2018-03-07 08:30:00,405.0,292.8,127.5,22.34,43.82,1.48,877.5231,237.53000000000003
2018-03-07 08:40:00,435.1,371.6,167.5,22.51,43.86,1.994,877.5966,230.44
2018-03-07 08:50:00,380.6,408.1,202.4,22.89,44.57,2.204,877.6938,222.08
2018-03-07 09:00:00,33.97,270.6,206.9,22.62,43.76,2.771,877.6447,205.88000000000002
2018-03-07 09:10:00,100.2,310.1,209.2,23.09,39.22,2.525,877.7272,211.58
2018-03-07 09:20:00,123.1,329.4,211.5,23.25,38.44,2.899,877.8178,223.05
2018-03-07 09:30:00,365.2,506.6,247.1,23.45,35.34,2.673,877.9226,188.51
2018-03-07 09:40:00,347.7,583.0,307.9,24.05,38.47,2.26,878.0992,179.32
2018-03-07 09:50:00,377.1,588.0,279.2,24.16,34.55,2.965,877.8036,177.75
2018-03-07 10:00:00,594.3,639.3,201.7,24.54,33.94,3.075,877.7889,160.17000000000002
2018-03-07 10:10:00,608.4,641.9,183.6,24.91,33.32,2.881,877.8931,176.93
2018-03-07 10:20:00,623.3,673.1,187.6,25.56,32.3,2.305,877.8253,201.3
2018-03-07 10:30:00,623.9,702.2,196.6,25.08,35.06,3.264,877.6879,173.91
2018-03-07 10:40:00,627.8,729.0,204.5,25.33,33.39,2.492,877.7463,188.09
2018-03-07 10:50:00,642.3,762.9,211.0,25.51,33.05,3.24,877.7141,175.14000000000001
2018-03-07 11:00:00,646.4,784.1,214.1,25.69,32.37,3.625,877.5896,221.31
2018-03-07 11:10:00,653.0,802.0,215.6,26.29,32.06,2.071,877.5065,185.5
2018-03-07 11:20:00,664.1,826.0,216.6,26.21,30.97,2.919,877.5476,145.63
2018-03-07 11:30:00,667.8,842.0,218.7,27.11,29.57,1.915,877.4152,183.9
2018-03-07 11:40:00,675.2,861.0,221.5,27.21,29.47,2.413,877.3528,201.702
2018-03-07 11:50:00,686.2,878.0,221.7,27.39,28.07,1.272,877.196,177.55
2018-03-07 12:00:00,697.7,895.0,220.9,28.47,27.8,1.601,876.972,191.93
2018-03-07 12:10:00,707.3,911.0,219.2,28.0,28.18,2.276,876.6519,154.193
2018-03-07 12:20:00,709.7,916.0,218.6,28.38,27.39,0.842,876.5147,122.06199999999998
2018-03-07 12:30:00,713.6,925.0,220.3,28.25,24.94,1.195,876.3077,138.19
2018-03-07 12:40:00,706.0,925.0,223.5,30.19,24.36,1.315,876.1188,96.088
2018-03-07 12:50:00,679.3,912.0,230.7,30.22,22.66,1.157,876.019,90.9488
2018-03-07 13:00:00,679.0,915.0,232.4,29.5,26.0,1.392,875.6533,87.969
2018-03-07 13:10:00,672.6,911.0,233.9,28.87,24.67,1.745,875.575,121.16
2018-03-07 13:20:00,671.5,903.0,231.1,29.77,23.34,1.713,875.3933,123.46700000000001
2018-03-07 13:30:00,666.6,899.0,232.9,30.22,22.86,2.072,875.1064,178.214
2018-03-07 13:40:00,660.8,891.0,236.3,30.46,22.62,1.827,874.8776,216.51
2018-03-07 13:50:00,659.0,885.0,239.1,31.32,23.78,1.677,874.6302,227.28000000000003
2018-03-07 14:00:00,648.1,882.0,247.5,30.52,24.16,1.943,874.4116,199.44
2018-03-07 14:10:00,582.9,852.0,273.7,30.34,22.66,2.658,874.231,198.26
2018-03-07 14:20:00,226.3,532.9,255.2,30.44,24.02,3.039,874.1596,233.54000000000002
2018-03-07 14:30:00,118.1,403.9,237.1,29.67,23.61,2.168,874.0896,185.0
2018-03-07 14:40:00,2.197,246.2,207.1,29.79,24.6,1.784,873.8365,173.16
2018-03-07 14:50:00,0.175,247.6,216.6,29.33,24.19,2.844,873.5893,165.434
2018-03-07 15:00:00,0.355,215.9,188.8,29.35,23.88,0.877,873.7259,273.43
2018-03-07 15:10:00,0.232,191.0,165.5,29.29,24.7,1.501,873.2752,268.62
2018-03-07 15:20:00,0.342,168.8,144.6,28.99,24.36,1.613,873.4937,286.8507
2018-03-07 15:30:00,1.394,195.4,166.6,28.7,29.06,2.71,873.2482,251.73760000000001
2018-03-07 15:40:00,19.76,345.7,276.9,28.1,28.76,3.599,873.0446,109.96189999999999
2018-03-07 15:50:00,0.763,314.9,269.6,28.54,28.59,3.166,872.9904,17.9242
2018-03-07 16:00:00,0.827,305.3,257.9,28.38,28.01,2.842,873.1504,28.526
2018-03-07 16:10:00,0.397,265.8,228.8,28.63,26.3,2.072,873.0905,25.8348
2018-03-07 16:20:00,145.4,424.8,280.8,29.61,23.85,1.547,872.8951,51.9456
2018-03-07 16:30:00,248.9,442.1,242.4,30.52,23.24,2.077,873.213,16.5192
2018-03-07 16:40:00,40.28,180.9,127.1,29.57,24.94,3.212,873.0078,42.8106
2018-03-07 16:50:00,0.0,100.0,85.7,28.34,27.19,3.481,872.9395,240.51040000000003
2018-03-07 17:00:00,0.0,83.1,70.68,28.16,26.37,2.818,873.1397,147.1136
2018-03-07 17:10:00,0.001,76.72,64.25,28.17,25.82,1.848,872.9676,211.7362
2018-03-07 17:20:00,0.0,51.71,43.25,28.3,25.76,2.036,873.171,24.083
2018-03-07 17:30:00,0.007,34.36,28.71,28.38,25.96,1.628,873.1343,28.383999999999997
2018-03-07 17:40:00,0.946,26.22,21.52,28.45,27.9,1.679,873.4297,179.998
2018-03-07 17:50:00,1.076,31.41,26.25,27.66,28.65,4.207,873.4531,114.29429999999999
2018-03-07 18:00:00,33.67,79.07,58.91,26.71,32.09,5.066,873.5391,81.3292
2018-03-07 18:10:00,0.003,90.3,74.36,26.08,34.07,5.138,873.9002,110.50640000000001
2018-03-07 18:20:00,0.0,61.27,49.67,25.69,32.71,4.696,873.9512,78.76480000000001
2018-03-07 18:30:00,0.0,37.18,30.89,25.67,30.59,4.077,873.8237,76.07579999999999
2018-03-07 18:40:00,0.0,10.95,8.95,25.43,31.04,4.516,873.9178,113.97749999999999
2018-03-07 18:50:00,0.0,2.411,1.37,24.95,31.28,4.172,873.9957,75.789
2018-03-07 19:00:00,0.008,0.026,0.0,25.06,31.59,4.301,874.1448,14.528299999999998
2018-03-07 19:10:00,0.005,0.0,0.0,24.53,30.05,4.856,874.1226,46.6983
2018-03-07 19:20:00,0.008,0.0,0.0,24.76,30.19,3.866,874.1774,80.513
2018-03-07 19:30:00,0.0,0.0,0.0,24.76,30.87,2.493,874.5422,102.026
2018-03-07 19:40:00,0.184,0.0,0.0,24.85,28.66,3.88,875.0284,69.717
2018-03-07 19:50:00,0.065,0.0,0.0,24.92,30.09,2.623,874.928,59.689
2018-03-07 20:00:00,0.0,0.0,0.0,24.79,30.57,1.419,875.1,92.607
2018-03-07 20:10:00,0.0,0.0,0.0,24.61,31.9,1.403,875.1188,116.12
2018-03-07 20:20:00,0.0,0.0,0.0,24.48,32.78,1.276,875.1671,81.041
2018-03-07 20:30:00,0.0,0.0,0.0,24.26,33.26,0.428,875.3147,239.3847
2018-03-07 20:40:00,0.0,0.0,0.0,24.02,33.09,0.337,875.5023,240.9
2018-03-07 20:50:00,0.001,0.0,0.0,24.12,32.65,0.356,875.6165,212.01
2018-03-07 21:00:00,0.188,0.0,0.0,24.08,34.04,1.69,875.8137,228.70999999999998
2018-03-07 21:10:00,0.252,0.0,0.0,24.0,34.04,1.555,875.8545,200.99
2018-03-07 21:20:00,0.0,0.0,0.0,23.72,36.77,0.459,876.1646,224.64000000000001
2018-03-07 21:30:00,0.088,0.0,0.0,23.37,38.98,2.31,876.1323,222.7
2018-03-07 21:40:00,0.071,0.0,0.0,23.19,40.76,2.703,876.3452,219.25
2018-03-07 21:50:00,0.0,0.0,0.0,22.97,41.23,2.368,876.5657,218.94
2018-03-07 22:00:00,0.0,0.0,0.0,22.86,41.13,1.903,876.6884,188.51000000000002
2018-03-07 22:10:00,0.0,0.0,0.0,22.8,40.59,1.445,876.9503,156.39000000000001
2018-03-07 22:20:00,0.0,0.0,0.0,22.59,41.95,2.441,877.0479,113.02000000000001
2018-03-07 22:30:00,0.0,0.0,0.0,22.36,42.94,1.604,877.1795,105.57000000000001
2018-03-07 22:40:00,0.0,0.0,0.0,22.17,42.97,1.002,877.3591,112.22
2018-03-07 22:50:00,0.161,0.0,0.0,22.18,42.53,1.541,877.6536,115.74000000000001
2018-03-07 23:00:00,0.0,0.0,0.0,22.23,42.73,1.152,877.5797,130.19
2018-03-07 23:10:00,0.0,0.0,0.0,22.07,43.82,1.787,877.6859,141.16
2018-03-07 23:20:00,0.0,0.0,0.0,21.92,43.24,1.87,877.5466,169.1
2018-03-07 23:30:00,0.0,0.0,0.0,21.98,43.14,1.851,877.4407,174.38
2018-03-07 23:40:00,0.0,0.0,0.0,21.84,43.55,2.323,877.4487,163.65
2018-03-07 23:50:00,0.005,0.0,0.0,21.78,43.79,2.385,877.6128,147.22
2018-03-08 00:00:00,0.0,0.0,0.0,21.72,44.88,1.628,877.4646,138.62
2018-03-08 00:10:00,0.0,0.0,0.0,21.46,45.7,1.617,877.5638,139.03
2018-03-08 00:20:00,0.0,0.0,0.0,21.19,46.21,0.885,877.809,149.25
2018-03-08 00:30:00,0.0,0.0,0.0,21.06,46.62,1.353,877.7839,146.79000000000002
2018-03-08 00:40:00,0.0,0.0,0.0,20.96,47.03,0.535,877.7101,178.03
2018-03-08 00:50:00,0.0,0.0,0.0,20.81,47.64,0.006,877.6209,166.997
2018-03-08 01:00:00,0.0,0.0,0.0,20.58,48.9,0.025,877.6778,240.04000000000002
2018-03-08 01:10:00,0.0,0.0,0.0,20.3,50.23,0.035,877.4976,345.26
2018-03-08 01:20:00,0.0,0.0,0.0,19.62,52.1,1.683,877.5224,318.46
2018-03-08 01:30:00,0.0,0.0,0.0,19.34,51.49,1.402,877.4652,288.63
2018-03-08 01:40:00,0.0,0.0,0.0,19.58,50.2,1.06,877.4231,302.62
2018-03-08 01:50:00,0.005,0.0,0.0,19.78,50.91,1.225,876.8433,292.95
2018-03-08 02:00:00,0.0,0.0,0.0,19.32,50.95,2.076,876.9017,281.8
2018-03-08 02:10:00,0.277,0.0,0.0,19.54,49.89,2.481,877.1623,284.06
2018-03-08 02:20:00,0.096,0.0,0.0,19.66,50.4,2.264,876.7771,284.65
2018-03-08 02:30:00,0.0,0.0,0.0,19.47,50.43,2.485,876.77,289.87
2018-03-08 02:40:00,0.0,0.0,0.0,19.38,50.57,2.421,876.4674,294.64
2018-03-08 02:50:00,0.0,0.0,0.0,19.2,51.73,2.224,876.5173,300.85
2018-03-08 03:00:00,0.0,0.0,0.0,19.12,51.01,1.866,876.6719,314.62
2018-03-08 03:10:00,0.0,0.0,0.0,18.8,52.82,2.195,876.6061,338.82
2018-03-08 03:20:00,0.0,0.0,0.0,18.37,53.81,2.308,876.7294,337.2
2018-03-08 03:30:00,0.022,0.0,0.0,18.45,53.13,2.141,876.7294,325.34000000000003
2018-03-08 03:40:00,0.002,0.0,0.0,18.47,52.48,2.019,876.6872,311.23
2018-03-08 03:50:00,0.009,0.0,0.0,18.69,51.56,1.63,876.5737,311.77
2018-03-08 04:00:00,0.0,0.0,0.0,18.76,51.93,1.31,876.9182,302.5
2018-03-08 04:10:00,0.0,0.0,0.0,18.57,52.82,1.237,876.8272,308.93
2018-03-08 04:20:00,0.0,0.0,0.0,18.33,53.4,1.274,877.0153,309.63
2018-03-08 04:30:00,0.0,0.0,0.0,18.16,53.77,1.2,877.1055,289.16999999999996
2018-03-08 04:40:00,0.0,0.0,0.0,18.12,53.43,1.182,877.0236,263.0
2018-03-08 04:50:00,0.069,0.0,0.0,18.25,53.06,0.755,877.1953,330.31
2018-03-08 05:00:00,0.133,0.0,0.0,18.03,54.18,1.545,877.0881,337.96999999999997
2018-03-08 05:10:00,0.038,0.0,0.0,17.91,53.88,1.986,876.9098,322.66999999999996
2018-03-08 05:20:00,0.001,0.0,0.0,17.96,53.88,2.2,877.1949,341.66999999999996
2018-03-08 05:30:00,0.001,0.0,0.0,17.68,57.62,2.343,877.1063,348.7
2018-03-08 05:40:00,0.0,0.0,0.0,17.05,57.28,2.269,877.4897,316.7867
2018-03-08 05:50:00,0.0,0.0,0.0,16.99,57.25,2.37,877.5224,349.46999999999997
2018-03-08 06:00:00,0.0,0.0,0.0,16.91,57.49,2.219,877.4,337.49
2018-03-08 06:10:00,0.023,0.0,0.0,16.88,57.49,3.081,877.6279,334.09000000000003
2018-03-08 06:20:00,0.002,0.0,0.0,16.93,57.28,3.118,877.5971,335.59000000000003
2018-03-08 06:30:00,0.0,0.0,0.0,16.9,57.15,2.939,877.8823,340.05
2018-03-08 06:40:00,0.023,0.0,0.0,16.77,57.9,2.373,877.8577,341.63
2018-03-08 06:50:00,0.094,0.04,0.0,16.75,58.31,2.41,877.8818,343.0
2018-03-08 07:00:00,0.022,2.956,2.338,16.53,58.2,2.593,877.5224,340.71999999999997
2018-03-08 07:10:00,14.76,13.73,10.8,16.49,57.66,2.513,878.0551,343.58000000000004
2018-03-08 07:20:00,74.99,33.34,22.83,16.61,57.97,2.533,878.226,343.08000000000004
2018-03-08 07:30:00,158.5,60.68,35.11,16.79,56.64,2.44,878.2751,342.24
2018-03-08 07:40:00,229.9,92.0,46.8,17.23,55.34,2.333,878.4631,344.96
2018-03-08 07:50:00,295.0,126.6,57.46,17.55,54.39,1.845,878.4711,337.74
2018-03-08 08:00:00,351.4,163.2,67.17,18.0,53.06,1.321,878.6188,319.45
2018-03-08 08:10:00,404.1,202.4,76.1,18.7,49.92,1.425,878.6185,335.75
2018-03-08 08:20:00,450.1,241.5,83.9,19.46,47.95,0.905,878.5612,295.46999999999997
2018-03-08 08:30:00,488.8,280.5,91.1,20.23,46.89,0.745,878.7985,266.91999999999996
2018-03-08 08:40:00,525.5,323.1,98.3,20.38,46.07,1.561,878.9368,251.89000000000001
2018-03-08 08:50:00,555.5,363.0,104.4,21.08,42.94,0.885,879.0195,228.685
2018-03-08 09:00:00,588.0,405.8,110.1,21.36,43.86,1.057,878.847,157.32
2018-03-08 09:10:00,611.2,445.9,115.9,21.99,41.74,1.424,878.9377,154.02
2018-03-08 09:20:00,626.0,482.5,121.5,22.48,40.45,1.321,879.085,218.49
2018-03-08 09:30:00,645.9,521.2,125.7,22.14,42.73,2.335,879.0601,166.22
2018-03-08 09:40:00,664.3,558.0,130.2,22.26,40.99,1.71,879.0733,149.92000000000002
2018-03-08 09:50:00,691.8,599.6,133.0,23.15,38.33,1.635,879.0837,200.5
2018-03-08 10:00:00,691.1,625.2,137.5,22.98,40.21,1.612,879.0693,213.82
2018-03-08 10:10:00,712.9,663.9,140.2,22.73,39.32,2.434,879.078,232.66
2018-03-08 10:20:00,730.0,700.6,143.9,22.18,39.66,1.865,878.9783,185.7
2018-03-08 10:30:00,742.6,730.8,147.2,23.53,36.63,2.505,878.9429,175.07999999999998
2018-03-08 10:40:00,763.7,766.0,148.1,24.26,34.99,1.854,878.981,178.26
2018-03-08 10:50:00,776.6,794.0,149.2,24.67,33.59,2.079,878.875,149.18
2018-03-08 11:00:00,790.6,823.0,149.2,25.06,32.47,1.601,878.7568,156.78
2018-03-08 11:10:00,798.3,845.0,150.2,25.77,32.88,1.919,878.4947,125.04
2018-03-08 11:20:00,804.0,867.0,151.8,26.2,31.24,1.829,878.6324,104.602
2018-03-08 11:30:00,812.0,888.0,153.0,26.37,31.1,1.926,878.2297,147.56
2018-03-08 11:40:00,807.0,902.0,158.7,26.35,32.06,2.386,878.1447,97.79299999999999
2018-03-08 11:50:00,796.0,914.0,168.1,25.91,33.8,2.117,878.0811,130.866
2018-03-08 12:00:00,793.0,929.0,176.5,25.98,32.47,1.766,877.7572,201.25
2018-03-08 12:10:00,793.3,955.0,193.4,26.23,32.09,3.169,877.7822,243.99
2018-03-08 12:20:00,742.9,996.0,266.1,26.0,29.33,1.905,877.575,115.256
2018-03-08 12:30:00,479.6,819.0,306.2,27.33,29.64,1.5,877.386,179.22
2018-03-08 12:40:00,555.2,896.0,288.0,27.91,28.01,1.593,877.2033,175.12
2018-03-08 12:50:00,615.6,939.0,280.6,28.3,27.73,1.812,876.9572,220.96999999999997
2018-03-08 13:00:00,790.9,989.0,212.5,27.77,29.37,2.453,876.7905,182.07999999999998
2018-03-08 13:10:00,793.0,1006.0,233.1,28.81,25.31,0.865,876.487,168.09
2018-03-08 13:20:00,772.7,1015.0,254.8,29.57,26.61,1.944,876.355,121.85
2018-03-08 13:30:00,728.7,965.0,242.0,29.05,26.64,2.519,876.2195,84.671
2018-03-08 13:40:00,743.7,960.0,230.6,29.34,27.02,2.191,875.7905,157.709
2018-03-08 13:50:00,741.7,952.0,239.1,28.71,26.95,1.569,875.7748,178.70999999999998
2018-03-08 14:00:00,641.8,878.0,246.4,30.13,25.82,1.686,875.551,168.13
2018-03-08 14:10:00,714.5,944.0,262.0,29.29,23.51,1.281,875.4465,102.9
2018-03-08 14:20:00,658.5,888.0,254.7,30.76,23.75,1.789,875.1251,144.78
2018-03-08 14:30:00,671.6,871.0,242.2,30.09,24.36,2.668,875.0451,116.6
2018-03-08 14:40:00,680.3,897.0,271.6,30.6,23.68,2.079,874.7355,106.806
2018-03-08 14:50:00,681.6,912.0,295.0,30.97,22.59,2.078,874.3511,165.27
2018-03-08 15:00:00,550.9,821.0,309.4,30.97,21.7,2.184,874.1763,164.5
2018-03-08 15:10:00,484.7,769.1,329.2,30.83,23.13,2.08,874.0717,175.26999999999998
2018-03-08 15:20:00,597.6,767.5,260.0,31.26,22.04,1.955,873.8002,161.55
2018-03-08 15:30:00,592.2,758.5,274.2,31.31,21.6,2.002,873.5958,139.065
2018-03-08 15:40:00,481.4,729.9,318.9,31.66,21.19,1.469,873.5268,196.57
2018-03-08 15:50:00,522.8,710.1,290.7,31.7,19.93,1.774,873.2243,127.19000000000001
2018-03-08 16:00:00,543.9,638.3,236.8,31.92,20.54,2.262,873.186,111.06999999999998
2018-03-08 16:10:00,190.9,408.9,232.7,31.74,21.26,1.114,873.291,98.418
2018-03-08 16:20:00,366.7,454.4,198.2,31.07,20.03,1.568,873.1627,131.94
2018-03-08 16:30:00,475.4,488.6,188.0,32.17,19.66,1.489,873.166,106.86600000000001
2018-03-08 16:40:00,458.0,493.1,214.3,32.46,19.39,1.935,873.2205,80.60499999999999
2018-03-08 16:50:00,441.8,460.1,204.6,31.17,20.48,2.016,872.9922,123.045
2018-03-08 17:00:00,350.9,370.8,179.2,31.21,19.11,1.681,873.1232,115.07000000000001
2018-03-08 17:10:00,412.6,374.1,172.7,32.55,18.74,1.149,873.1122,134.53
2018-03-08 17:20:00,392.5,343.6,165.4,32.52,19.01,1.861,872.8709,124.15
2018-03-08 17:30:00,344.1,300.7,157.1,32.51,19.04,1.321,872.8655,88.583
2018-03-08 17:40:00,278.0,222.1,116.5,31.74,21.02,1.067,872.8483,91.285
2018-03-08 17:50:00,171.0,154.5,89.6,30.93,20.68,1.272,872.7949,89.72
2018-03-08 18:00:00,215.0,135.1,72.96,30.82,20.58,0.74,872.8815,120.35999999999999
2018-03-08 18:10:00,168.4,97.7,56.52,30.59,20.58,1.03,872.8144,96.51
2018-03-08 18:20:00,32.75,50.35,36.8,30.03,21.87,1.13,872.8879,63.778999999999996
2018-03-08 18:30:00,0.139,25.73,20.47,29.31,22.52,0.319,872.8363,78.174
2018-03-08 18:40:00,0.0,9.13,7.053,29.2,22.55,0.035,873.048,68.354
2018-03-08 18:50:00,0.0,1.247,0.663,29.04,22.55,0.071,872.8977,68.512
2018-03-08 19:00:00,0.0,0.0,0.0,28.83,23.51,0.447,872.9805,89.9057
2018-03-08 19:10:00,0.0,0.0,0.0,28.36,26.16,0.934,873.0436,14.9232
2018-03-08 19:20:00,0.004,0.0,0.0,28.01,25.55,1.252,873.1381,251.9205
2018-03-08 19:30:00,0.0,0.0,0.0,27.76,24.7,1.316,873.3232,339.13
2018-03-08 19:40:00,0.0,0.0,0.0,27.84,25.65,1.638,873.4597,343.06
2018-03-08 19:50:00,0.0,0.0,0.0,27.07,27.63,2.478,873.4543,343.52
2018-03-08 20:00:00,0.0,0.0,0.0,26.49,28.92,2.183,873.8652,342.64
2018-03-08 20:10:00,0.0,0.0,0.0,26.19,29.64,1.932,873.7668,300.87
2018-03-08 20:20:00,0.0,0.0,0.0,26.01,29.71,0.968,873.8439,279.41999999999996
2018-03-08 20:30:00,0.0,0.0,0.0,26.21,29.61,0.002,873.7911,328.2
2018-03-08 20:40:00,0.065,0.0,0.0,26.2,29.54,1.214,873.9521,296.402
2018-03-08 20:50:00,0.0,0.0,0.0,26.1,29.78,0.557,874.2383,75.238
2018-03-08 21:00:00,0.0,0.0,0.0,26.06,29.92,0.0,874.2674,204.99
2018-03-08 21:10:00,0.0,0.0,0.0,26.03,30.05,0.314,874.2792,293.21999999999997
2018-03-08 21:20:00,0.038,0.0,0.0,25.99,30.16,0.576,874.4273,316.40999999999997
2018-03-08 21:30:00,0.0,0.0,0.0,25.98,30.6,0.361,874.502,315.90680000000003
2018-03-08 21:40:00,0.0,0.0,0.0,25.68,33.33,1.058,874.6241,232.1009
2018-03-08 21:50:00,0.0,0.0,0.0,25.23,32.58,0.8,874.5425,181.64000000000001
2018-03-08 22:00:00,0.0,0.0,0.0,25.22,31.55,0.0,874.4938,71.946
2018-03-08 22:10:00,0.0,0.0,0.0,25.1,34.04,0.016,874.6273,13.6988
2018-03-08 22:20:00,0.0,0.0,0.0,24.47,34.52,1.176,874.7037,245.53220000000002
2018-03-08 22:30:00,0.0,0.0,0.0,24.12,34.18,1.925,874.9034,347.63
2018-03-08 22:40:00,0.0,0.0,0.0,24.17,33.6,1.996,874.921,355.71
2018-03-08 22:50:00,0.0,0.0,0.0,24.13,34.9,1.528,874.8972,346.7
2018-03-08 23:00:00,0.009,0.0,0.0,23.88,34.96,1.928,874.8563,218.64690000000002
2018-03-08 23:10:00,0.254,0.0,0.0,24.05,34.9,1.807,874.9953,100.799
2018-03-08 23:20:00,0.014,0.0,0.0,24.09,35.51,0.381,875.0524,214.79300000000003
2018-03-08 23:30:00,0.098,0.0,0.0,23.89,36.39,0.637,875.0364,154.6424
2018-03-08 23:40:00,0.065,0.0,0.0,24.02,36.5,0.343,875.1749,346.53000000000003
2018-03-08 23:50:00,0.0,0.0,0.0,23.47,37.96,1.091,875.0443,184.5452
2018-03-09 00:00:00,0.0,0.0,0.0,23.49,37.89,1.143,875.1181,112.446
2018-03-09 00:10:00,0.0,0.0,0.0,23.44,40.86,0.37,875.2733,72.489
2018-03-09 00:20:00,0.0,0.0,0.0,23.01,41.4,0.0,875.2484,49.035000000000004
2018-03-09 00:30:00,0.0,0.0,0.0,22.95,41.3,0.975,875.2245,49.446
2018-03-09 00:40:00,0.028,0.0,0.0,22.8,40.69,0.898,875.2977,42.08
2018-03-09 00:50:00,0.119,0.0,0.0,23.08,40.38,1.001,875.38,36.072
2018-03-09 01:00:00,0.094,0.0,0.0,23.16,40.82,0.958,875.5025,35.315999999999995
2018-03-09 01:10:00,0.024,0.0,0.0,23.23,40.79,0.261,875.4609,113.1605
2018-03-09 01:20:00,0.013,0.0,0.0,23.02,40.86,1.537,875.4454,16.2864
2018-03-09 01:30:00,0.0,0.0,0.0,22.73,40.25,1.423,875.4205,17.482
2018-03-09 01:40:00,0.001,0.0,0.0,22.91,38.34,0.755,875.3053,9.4386
2018-03-09 01:50:00,0.0,0.0,0.0,22.78,39.05,1.395,875.208,45.759499999999996
2018-03-09 02:00:00,0.005,0.0,0.0,22.8,39.12,1.453,875.2651,15.8125
2018-03-09 02:10:00,0.0,0.0,0.0,22.91,39.12,1.389,875.2156,79.23060000000001
2018-03-09 02:20:00,0.002,0.0,0.0,22.93,39.73,1.363,875.1674,113.96399999999998
2018-03-09 02:30:00,0.0,0.0,0.0,22.84,39.6,1.12,875.2488,216.1857
2018-03-09 02:40:00,0.0,0.0,0.0,22.59,40.96,1.014,875.2078,218.45999999999998
2018-03-09 02:50:00,0.0,0.0,0.0,22.21,41.74,0.414,875.126,239.68
2018-03-09 03:00:00,0.065,0.0,0.0,22.24,41.13,0.959,875.0355,253.64000000000001
2018-03-09 03:10:00,0.0,0.0,0.0,22.18,42.15,0.86,874.8894,233.19
2018-03-09 03:20:00,0.147,0.0,0.0,22.07,43.62,1.259,875.0519,228.35999999999999
2018-03-09 03:30:00,0.013,0.0,0.0,21.94,45.83,0.266,875.1994,123.921
2018-03-09 03:40:00,0.0,0.0,0.0,21.69,46.58,0.134,875.0035,94.17
2018-03-09 03:50:00,0.0,0.0,0.0,21.38,46.58,0.021,875.176,80.013
2018-03-09 04:00:00,0.0,0.0,0.0,21.04,48.66,0.562,875.2404,76.061
2018-03-09 04:10:00,0.0,0.0,0.0,20.55,48.59,1.251,875.2898,39.466699999999996
2018-03-09 04:20:00,0.03,0.0,0.0,20.63,49.65,1.048,875.3304,343.98
2018-03-09 04:30:00,0.098,0.0,0.0,20.26,49.62,2.07,875.1418,279.1268
2018-03-09 04:40:00,0.0,0.0,0.0,20.03,52.07,2.371,875.2005,311.3168
2018-03-09 04:50:00,0.131,0.0,0.0,20.07,49.51,1.951,875.3796,328.59000000000003
2018-03-09 05:00:00,0.232,0.0,0.0,20.84,48.66,1.834,875.3221,336.25
2018-03-09 05:10:00,0.0,0.0,0.0,20.5,50.09,1.443,875.4047,306.3029
2018-03-09 05:20:00,0.0,0.0,0.0,20.45,50.84,1.01,875.4286,317.177
2018-03-09 05:30:00,0.0,0.0,0.0,19.9,51.56,1.163,875.3386,279.3392
2018-03-09 05:40:00,0.0,0.0,0.0,19.56,52.92,1.548,875.6008,45.468599999999995
2018-03-09 05:50:00,0.0,0.0,0.0,19.3,52.21,1.653,875.4286,147.5027
2018-03-09 06:00:00,0.0,0.0,0.0,19.31,52.48,1.785,875.8051,277.6047
2018-03-09 06:10:00,0.008,0.0,0.0,19.57,49.92,1.293,875.8368,100.24300000000001
2018-03-09 06:20:00,0.0,0.0,0.0,19.71,49.75,0.283,875.8143,27.119
2018-03-09 06:30:00,0.133,0.0,0.0,19.69,49.58,0.507,875.8624,81.4031
2018-03-09 06:40:00,0.044,0.0,0.0,19.58,51.32,0.605,876.2388,212.06149999999997
2018-03-09 06:50:00,0.001,0.0,0.0,18.99,52.89,1.398,876.2711,282.496
2018-03-09 07:00:00,0.388,2.44,2.5,19.09,51.56,1.994,876.541,347.66999999999996
2018-03-09 07:10:00,9.54,13.44,10.56,18.94,52.27,2.484,876.5077,346.48
2018-03-09 07:20:00,72.96,33.22,22.04,18.82,52.72,2.634,876.5584,353.01
2018-03-09 07:30:00,141.9,59.46,34.03,18.69,53.43,2.089,876.8681,283.1808
2018-03-09 07:40:00,208.2,89.8,45.49,18.74,53.23,1.744,876.8674,146.1652
2018-03-09 07:50:00,276.1,124.7,56.44,19.13,50.3,1.553,877.0084,17.1232
2018-03-09 08:00:00,336.9,161.9,66.41,19.97,47.78,0.902,877.1461,32.599000000000004
2018-03-09 08:10:00,391.9,200.8,75.21,20.76,44.74,0.602,877.2281,37.416000000000004
2018-03-09 08:20:00,439.7,239.4,82.4,22.13,41.88,0.188,877.2199,85.86800000000001
2018-03-09 08:30:00,489.3,281.8,88.7,22.75,38.06,0.596,877.1866,108.6
2018-03-09 08:40:00,531.6,323.5,93.9,23.67,34.38,0.149,877.1143,152.83999999999997
2018-03-09 08:50:00,562.6,362.0,98.0,24.05,35.92,0.593,877.3342,160.13
2018-03-09 09:00:00,608.1,409.2,101.8,24.19,34.15,1.184,877.2087,138.84
2018-03-09 09:10:00,649.1,455.0,105.3,24.62,31.18,1.05,877.1945,131.85999999999999
2018-03-09 09:20:00,671.4,493.3,108.7,25.0,30.43,0.869,877.2571,146.55
2018-03-09 09:30:00,683.4,529.7,113.4,25.31,31.07,1.427,877.3542,147.95
2018-03-09 09:40:00,705.8,571.1,117.9,25.04,30.56,1.855,877.3677,160.1
2018-03-09 09:50:00,724.5,607.0,121.9,26.02,29.03,0.71,877.3187,171.79000000000002
2018-03-09 10:00:00,737.5,642.9,124.9,25.88,30.39,1.554,877.301,184.35
2018-03-09 10:10:00,757.2,676.8,126.1,26.73,28.21,0.528,877.2269,156.82
2018-03-09 10:20:00,768.8,712.5,129.2,25.56,30.9,2.387,877.2619,123.157
2018-03-09 10:30:00,783.5,743.8,131.4,26.07,30.01,1.222,877.0306,160.92000000000002
2018-03-09 10:40:00,795.4,774.4,133.6,26.82,30.25,1.469,877.0006,170.73
2018-03-09 10:50:00,807.0,802.0,134.5,26.72,30.25,1.461,877.2768,154.137
2018-03-09 11:00:00,819.0,830.0,135.2,26.27,30.83,1.337,877.1449,109.641
2018-03-09 11:10:00,829.0,854.0,136.8,26.88,28.92,1.772,877.0165,148.45
2018-03-09 11:20:00,836.0,875.0,137.6,27.49,28.55,1.73,876.8845,172.14000000000001
2018-03-09 11:30:00,835.0,889.0,139.0,27.63,28.34,1.5,876.7526,230.91
2018-03-09 11:40:00,845.0,911.0,139.7,26.72,29.37,1.778,876.5837,132.49
2018-03-09 11:50:00,853.0,928.0,139.4,27.0,28.21,2.058,876.3458,110.90360000000001
2018-03-09 12:00:00,861.0,945.0,140.3,27.97,27.32,1.782,876.1347,93.191
2018-03-09 12:10:00,860.0,952.0,141.2,28.64,28.04,2.073,875.917,114.06800000000001
2018-03-09 12:20:00,858.0,959.0,142.7,27.17,27.73,1.638,875.8779,147.82999999999998
2018-03-09 12:30:00,856.0,963.0,144.5,29.1,26.54,2.202,875.5934,94.394
2018-03-09 12:40:00,856.0,967.0,145.0,29.45,27.19,1.491,875.3606,130.387
2018-03-09 12:50:00,853.0,969.0,146.6,28.63,26.44,1.678,875.253,167.2
2018-03-09 13:00:00,846.0,969.0,152.4,29.49,26.88,2.856,874.9387,141.67000000000002
2018-03-09 13:10:00,833.0,963.0,159.2,29.77,25.79,1.925,874.5643,172.60999999999999
2018-03-09 13:20:00,809.0,960.0,175.7,29.34,26.44,2.502,874.4634,101.433
2018-03-09 13:30:00,790.4,963.0,194.9,29.85,26.95,2.66,874.4348,53.66799999999999
2018-03-09 13:40:00,750.2,977.0,243.2,29.58,26.64,1.513,874.1097,128.154
2018-03-09 13:50:00,467.6,841.0,329.3,29.88,25.31,1.301,873.8514,128.68
2018-03-09 14:00:00,600.2,950.0,337.2,31.0,23.88,1.948,873.6783,157.59
2018-03-09 14:10:00,633.4,975.0,326.6,31.56,23.78,3.153,873.3997,210.13000000000002
2018-03-09 14:20:00,720.5,954.0,269.9,30.85,24.39,3.427,873.2122,200.301
2018-03-09 14:30:00,681.6,873.0,241.5,30.04,22.86,2.568,872.8756,177.392
2018-03-09 14:40:00,693.4,873.0,241.2,30.94,24.29,3.133,872.6365,222.41
2018-03-09 14:50:00,726.3,856.0,212.6,30.85,23.47,2.33,872.4388,232.17000000000002
2018-03-09 15:00:00,627.6,773.6,215.8,30.57,24.6,3.599,872.4455,161.95
2018-03-09 15:10:00,627.2,777.8,241.2,31.48,21.94,1.9,872.2959,192.43
2018-03-09 15:20:00,375.2,571.3,243.8,31.81,23.06,2.508,872.2069,193.05
2018-03-09 15:30:00,676.9,726.7,194.8,32.05,21.7,1.957,871.9997,168.2
2018-03-09 15:40:00,160.8,343.3,177.8,31.43,23.88,3.559,871.8757,176.52
2018-03-09 15:50:00,496.8,572.2,187.5,31.31,21.8,2.56,871.812,195.53
2018-03-09 16:00:00,355.5,446.3,181.7,32.04,20.44,0.876,871.686,268.33000000000004
2018-03-09 16:10:00,316.0,416.6,180.4,31.43,24.15,2.614,871.3951,197.06
2018-03-09 16:20:00,237.7,321.4,152.0,30.89,21.53,1.508,871.3403,223.01
2018-03-09 16:30:00,274.9,332.9,150.5,31.86,21.67,1.443,871.2696,174.39000000000001
2018-03-09 16:40:00,344.9,366.6,152.3,31.64,21.97,3.289,871.2767,173.59
2018-03-09 16:50:00,513.2,406.0,131.7,31.87,22.04,3.15,871.2257,180.37
2018-03-09 17:00:00,510.3,371.6,120.0,32.16,21.53,3.472,871.127,179.77
2018-03-09 17:10:00,487.7,329.4,108.4,32.18,19.93,2.928,871.0822,213.08
2018-03-09 17:20:00,429.4,275.1,95.7,31.83,20.54,3.213,871.1553,196.26
2018-03-09 17:30:00,416.1,245.4,88.7,31.86,20.07,3.386,871.1057,195.07
2018-03-09 17:40:00,378.0,208.7,81.2,31.58,19.28,3.498,871.4288,180.70999999999998
2018-03-09 17:50:00,336.1,172.4,72.77,31.75,19.04,2.379,871.1367,177.85999999999999
2018-03-09 18:00:00,306.7,141.5,62.46,31.42,19.04,3.674,871.202,204.68
2018-03-09 18:10:00,73.6,72.2,47.66,30.81,18.57,3.405,871.3224,196.68
2018-03-09 18:20:00,150.0,62.17,35.43,30.47,18.84,3.073,871.4385,194.18
2018-03-09 18:30:00,118.4,41.35,24.59,30.34,18.84,3.452,871.1727,192.03
2018-03-09 18:40:00,7.787,17.14,13.14,29.84,19.28,3.45,871.4385,184.70999999999998
2018-03-09 18:50:00,0.01,4.39,3.273,29.46,19.86,3.431,871.3339,183.22
2018-03-09 19:00:00,0.001,0.0,0.0,29.11,19.69,3.493,871.267,197.06
2018-03-09 19:10:00,0.018,0.0,0.0,28.95,20.07,4.151,871.3437,206.01999999999998
2018-03-09 19:20:00,0.037,0.0,0.0,28.79,20.48,3.665,871.7377,215.73000000000002
2018-03-09 19:30:00,0.003,0.0,0.0,28.65,21.43,4.091,871.7775,229.60999999999999
2018-03-09 19:40:00,0.0,0.0,0.0,28.36,21.84,4.306,871.9934,238.28000000000003
2018-03-09 19:50:00,0.0,0.0,0.0,28.19,21.87,4.7,872.2627,238.53000000000003
2018-03-09 20:00:00,0.0,0.0,0.0,28.03,22.11,3.986,872.5027,245.26999999999998
2018-03-09 20:10:00,0.0,0.0,0.0,27.81,22.35,3.61,872.8546,254.85
2018-03-09 20:20:00,0.0,0.0,0.0,27.6,22.49,2.766,873.0812,259.32
2018-03-09 20:30:00,0.0,0.0,0.0,27.35,22.79,2.526,873.1685,285.67999999999995
2018-03-09 20:40:00,0.0,0.0,0.0,27.08,23.37,1.517,873.313,212.5411
2018-03-09 20:50:00,0.0,0.0,0.0,26.69,24.87,1.379,873.465,113.88600000000001
2018-03-09 21:00:00,0.0,0.0,0.0,25.97,25.59,0.942,873.8134,36.2028
2018-03-09 21:10:00,0.0,0.0,0.0,25.66,26.54,0.249,873.8625,23.799200000000003
2018-03-09 21:20:00,0.0,0.0,0.0,25.08,26.65,1.235,874.0869,218.565
2018-03-09 21:30:00,0.0,0.0,0.0,24.97,26.75,0.74,874.2532,273.7116
2018-03-09 21:40:00,0.0,0.0,0.0,24.91,28.93,0.743,874.348,344.2
2018-03-09 21:50:00,0.0,0.0,0.0,23.92,30.26,2.365,874.4636,330.51
2018-03-09 22:00:00,0.001,0.0,0.0,23.8,29.89,2.046,874.5253,332.57
2018-03-09 22:10:00,0.139,0.0,0.0,24.27,29.51,2.26,874.5852,152.9515
2018-03-09 22:20:00,0.157,0.0,0.0,24.41,29.55,1.736,874.5945,34.2575
2018-03-09 22:30:00,0.008,0.0,0.0,24.34,29.99,0.518,874.7416,35.831
2018-03-09 22:40:00,0.0,0.0,0.0,24.35,30.16,0.625,874.6843,90.849
2018-03-09 22:50:00,0.0,0.0,0.0,24.06,31.32,0.044,874.6926,65.25399999999999
2018-03-09 23:00:00,0.0,0.0,0.0,23.66,32.41,0.017,874.7254,95.827
2018-03-09 23:10:00,0.102,0.0,0.0,23.73,31.62,0.262,874.758,59.95399999999999
2018-03-09 23:20:00,0.121,0.0,0.0,23.41,32.58,0.849,874.8318,64.71900000000001
2018-03-09 23:30:00,0.275,0.0,0.0,23.69,31.56,1.127,874.8477,71.4
2018-03-09 23:40:00,0.088,0.0,0.0,23.84,31.86,0.45,874.8726,50.594
2018-03-09 23:50:00,0.046,0.0,0.0,23.68,32.68,0.771,874.7664,59.214
2018-03-10 00:00:00,0.0,0.0,0.0,23.43,32.95,0.348,874.7823,59.372
2018-03-10 00:10:00,0.194,0.0,0.0,23.43,32.99,0.811,874.7581,43.058
2018-03-10 00:20:00,0.065,0.0,0.0,23.43,34.18,0.73,874.7907,40.65
2018-03-10 00:30:00,0.0,0.0,0.0,22.95,34.49,0.581,874.6838,27.689
2018-03-10 00:40:00,0.004,0.0,0.0,22.86,35.99,0.911,874.4548,26.776
2018-03-10 00:50:00,0.003,0.0,0.0,22.65,37.11,0.996,874.439,29.325
2018-03-10 01:00:00,0.011,0.0,0.0,22.38,35.51,1.307,874.5218,21.781
2018-03-10 01:10:00,0.184,0.0,0.0,22.53,35.85,1.445,874.5454,14.701400000000001
2018-03-10 01:20:00,0.057,0.0,0.0,22.39,36.09,1.503,874.5118,15.475200000000001
2018-03-10 01:30:00,0.113,0.0,0.0,22.31,36.12,1.741,874.1287,18.39
2018-03-10 01:40:00,0.038,0.0,0.0,22.17,35.47,1.522,874.1443,19.488
2018-03-10 01:50:00,0.039,0.0,0.0,22.16,35.88,1.729,874.0463,21.779
2018-03-10 02:00:00,0.0,0.0,0.0,22.03,36.74,1.796,873.784,18.494
2018-03-10 02:10:00,0.0,0.0,0.0,21.87,37.08,1.417,873.63,176.5154
2018-03-10 02:20:00,0.0,0.0,0.0,21.6,36.12,1.35,873.7851,312.5567
2018-03-10 02:30:00,0.032,0.0,0.0,21.63,34.9,2.0,873.8173,113.8865
2018-03-10 02:40:00,0.026,0.0,0.0,21.49,37.04,1.839,873.6371,12.6901
2018-03-10 02:50:00,0.007,0.0,0.0,21.38,36.6,1.491,873.6221,26.240999999999996
2018-03-10 03:00:00,0.0,0.0,0.0,21.36,36.16,0.939,873.9238,32.534000000000006
2018-03-10 03:10:00,0.239,0.0,0.0,21.51,36.12,1.08,873.9238,29.121
2018-03-10 03:20:00,0.297,0.0,0.0,21.54,35.88,2.015,873.9238,215.5084
2018-03-10 03:30:00,0.001,0.0,0.0,21.3,35.34,1.264,873.9238,43.2392
2018-03-10 03:40:00,0.001,0.0,0.0,21.35,34.93,1.426,873.9238,282.5232
2018-03-10 03:50:00,0.0,0.0,0.0,21.05,35.51,1.554,873.8412,182.1088
2018-03-10 04:00:00,0.0,0.0,0.0,20.67,37.21,1.945,873.4331,147.18869999999998
2018-03-10 04:10:00,0.0,0.0,0.0,20.52,35.61,1.61,873.4331,333.65999999999997
2018-03-10 04:20:00,0.013,0.0,0.0,20.85,34.62,1.785,873.7284,342.76
2018-03-10 04:30:00,0.021,0.0,0.0,20.6,37.55,1.467,873.9402,327.75
2018-03-10 04:40:00,0.0,0.0,0.0,20.44,36.05,1.733,873.6043,323.07
2018-03-10 04:50:00,0.0,0.0,0.0,20.19,37.76,1.844,873.8268,342.99
2018-03-10 05:00:00,0.0,0.0,0.0,19.59,40.82,1.778,874.2509,340.36
2018-03-10 05:10:00,0.0,0.0,0.0,19.01,40.52,1.393,874.3657,345.94
2018-03-10 05:20:00,0.0,0.0,0.0,19.22,40.45,0.665,874.1201,211.5142
2018-03-10 05:30:00,0.002,0.0,0.0,19.32,39.67,0.857,874.2419,80.509
2018-03-10 05:40:00,0.168,0.0,0.0,19.65,38.3,1.179,874.1694,121.90299999999999
2018-03-10 05:50:00,0.188,0.0,0.0,19.54,39.9,1.397,874.4475,281.1234
2018-03-10 06:00:00,0.082,0.0,0.0,19.3,40.18,2.065,874.3578,247.9219
2018-03-10 06:10:00,0.003,0.0,0.0,18.95,41.88,2.186,874.8079,354.58000000000004
2018-03-10 06:20:00,0.0,0.0,0.0,18.68,42.9,2.029,875.0118,341.77
2018-03-10 06:30:00,0.049,0.0,0.0,18.59,42.36,2.296,875.1672,342.81
2018-03-10 06:40:00,0.174,0.0,0.0,18.81,41.95,1.824,875.1343,334.48
2018-03-10 06:50:00,0.273,0.019,0.016,19.08,41.51,1.506,875.2399,340.77
2018-03-10 07:00:00,0.181,3.419,2.75,18.75,42.53,1.681,874.9471,334.84000000000003
2018-03-10 07:10:00,13.73,14.97,10.64,18.22,43.79,1.604,875.3461,344.32
2018-03-10 07:20:00,153.9,39.31,20.91,18.54,43.45,1.591,875.0118,328.89
2018-03-10 07:30:00,257.2,70.77,30.38,18.3,43.35,2.063,875.2001,329.1
2018-03-10 07:40:00,347.5,105.6,39.01,18.94,40.69,1.483,875.2568,330.57
2018-03-10 07:50:00,426.4,144.1,46.2,19.73,39.22,1.678,875.3889,333.61
2018-03-10 08:00:00,489.6,184.4,52.47,20.01,38.64,1.451,875.9195,237.481
2018-03-10 08:10:00,545.4,225.7,57.82,20.85,36.12,0.902,875.8451,212.58139999999997
2018-03-10 08:20:00,586.8,265.1,62.36,22.14,34.01,0.0,875.6906,176.53
2018-03-10 08:30:00,624.8,306.0,66.7,23.48,30.74,0.0,875.8461,125.92
2018-03-10 08:40:00,654.2,346.6,71.31,25.02,28.52,0.076,876.3536,173.06
2018-03-10 08:50:00,686.8,391.1,75.98,25.41,29.78,0.435,876.4755,160.89000000000001
2018-03-10 09:00:00,722.8,436.6,78.24,25.11,31.15,1.15,876.3738,162.25
2018-03-10 09:10:00,739.9,474.9,81.2,25.23,31.45,1.305,876.4185,145.95999999999998
2018-03-10 09:20:00,763.6,516.0,84.3,25.36,30.5,1.05,876.3119,164.15
2018-03-10 09:30:00,778.0,554.1,87.2,25.3,31.11,1.83,876.4524,180.35
2018-03-10 09:40:00,800.0,594.1,89.5,26.16,28.31,0.748,876.4634,152.62
2018-03-10 09:50:00,811.0,627.5,91.7,26.84,27.97,0.938,876.4347,147.965
2018-03-10 10:00:00,823.0,664.0,94.1,26.56,28.21,1.086,876.2704,159.79
2018-03-10 10:10:00,835.0,698.6,96.7,27.07,27.97,1.614,876.1489,189.7
2018-03-10 10:20:00,845.0,731.1,98.9,27.03,27.8,1.296,876.3586,157.26
2018-03-10 10:30:00,857.0,764.3,100.2,27.33,26.61,1.675,876.3439,130.284
2018-03-10 10:40:00,869.0,795.0,101.4,28.14,25.45,1.621,876.2394,156.57
2018-03-10 10:50:00,883.0,825.0,102.0,28.42,25.79,1.355,876.0246,173.66
2018-03-10 11:00:00,886.0,846.0,103.4,28.86,24.91,0.863,875.9739,168.18
2018-03-10 11:10:00,895.0,872.0,104.5,28.85,24.7,1.634,875.9618,193.59
2018-03-10 11:20:00,900.0,891.0,105.1,28.81,25.42,1.21,875.7676,132.711
2018-03-10 11:30:00,902.0,910.0,106.6,28.99,25.72,1.634,875.6723,152.614
2018-03-10 11:40:00,898.0,921.0,108.6,29.11,24.7,1.316,875.5577,243.0
2018-03-10 11:50:00,894.0,933.0,112.0,29.04,24.8,2.033,875.3765,115.89200000000001
2018-03-10 12:00:00,905.0,950.0,110.9,29.31,23.44,1.457,875.1944,113.952
2018-03-10 12:10:00,911.0,964.0,111.5,30.31,21.91,1.069,874.8734,124.25999999999999
2018-03-10 12:20:00,910.0,971.0,112.8,31.26,20.37,1.343,874.801,115.96889999999999
2018-03-10 12:30:00,906.0,974.0,113.7,31.12,20.61,1.104,874.6458,235.10999999999999
2018-03-10 12:40:00,895.0,971.0,117.0,30.34,20.85,0.555,874.293,131.814
2018-03-10 12:50:00,890.0,976.0,122.6,31.52,20.17,1.536,874.1346,266.4
2018-03-10 13:00:00,886.0,979.0,126.3,30.67,22.49,1.747,873.7006,154.0042
2018-03-10 13:10:00,867.0,967.0,133.5,31.0,19.32,1.144,873.7779,183.03
2018-03-10 13:20:00,858.0,964.0,140.2,31.98,19.22,1.923,873.5895,130.514
2018-03-10 13:30:00,860.0,970.0,145.9,31.14,18.87,2.211,873.3112,150.56300000000002
2018-03-10 13:40:00,852.0,973.0,164.8,31.87,17.72,1.436,872.7574,176.278
2018-03-10 13:50:00,782.0,976.0,223.4,32.44,16.22,1.916,872.6649,185.57
2018-03-10 14:00:00,624.7,891.0,251.3,32.63,15.43,2.153,872.0018,198.252
2018-03-10 14:10:00,256.2,492.6,204.7,31.87,18.06,1.221,871.9817,141.62
2018-03-10 14:20:00,767.0,922.0,219.8,33.34,15.36,1.181,872.1028,185.27
2018-03-10 14:30:00,776.0,924.0,223.1,33.67,15.84,1.998,871.4039,181.29000000000002
2018-03-10 14:40:00,513.2,736.6,239.1,33.36,16.18,1.651,871.2784,170.67000000000002
2018-03-10 14:50:00,507.5,673.4,206.9,32.78,14.79,1.094,871.4696,127.60999999999999
2018-03-10 15:00:00,715.2,828.0,209.1,34.12,14.17,2.249,871.2518,112.01700000000001
2018-03-10 15:10:00,711.0,794.6,196.9,34.19,14.24,1.884,871.2477,178.06
2018-03-10 15:20:00,641.0,734.0,203.6,34.08,13.52,1.924,871.0616,130.775
2018-03-10 15:30:00,596.4,718.6,226.5,34.32,12.88,2.135,870.7129,119.91900000000001
2018-03-10 15:40:00,16.79,198.5,154.0,33.54,14.14,1.374,870.3257,125.0
2018-03-10 15:50:00,0.0,139.5,117.8,32.8,14.28,1.206,870.6395,181.32999999999998
2018-03-10 16:00:00,62.58,213.0,144.3,32.32,14.38,1.484,870.3996,186.52
2018-03-10 16:10:00,74.39,292.0,199.3,32.86,14.17,1.234,870.2851,138.82
2018-03-10 16:20:00,17.3,226.3,186.6,32.93,13.93,1.438,870.1362,130.52
2018-03-10 16:30:00,1.543,188.9,158.7,32.54,14.0,1.677,870.2659,125.72
2018-03-10 16:40:00,1.478,189.4,161.0,32.46,14.27,1.383,870.1818,113.19000000000001
2018-03-10 16:50:00,12.14,206.9,170.7,32.45,14.34,1.34,870.3951,118.95
2018-03-10 17:00:00,0.16,179.1,153.6,32.34,14.24,1.697,870.616,115.74000000000001
2018-03-10 17:10:00,0.38,146.1,115.4,32.26,14.92,1.151,870.3951,101.325
2018-03-10 17:20:00,114.3,155.8,89.7,32.51,14.27,1.045,870.1953,73.0
2018-03-10 17:30:00,1.369,85.8,66.57,32.16,15.47,1.049,870.3045,68.815
2018-03-10 17:40:00,5.102,57.35,44.92,31.67,14.96,0.61,870.522,40.876
2018-03-10 17:50:00,189.5,108.9,49.93,32.16,14.41,0.376,870.0684,77.3851
2018-03-10 18:00:00,216.2,117.5,56.95,32.21,21.43,1.938,870.285,181.3094
2018-03-10 18:10:00,150.1,85.2,46.32,30.78,22.42,2.195,870.1743,148.4774
2018-03-10 18:20:00,47.37,43.15,29.21,30.13,23.17,2.59,870.208,283.8247
2018-03-10 18:30:00,0.0,24.0,19.93,29.36,23.0,4.101,870.5782,112.4609
2018-03-10 18:40:00,0.063,21.83,17.65,29.13,22.62,3.389,870.0363,7.3608
2018-03-10 18:50:00,0.0,8.5,6.483,29.03,23.06,2.478,869.9598,75.2704
2018-03-10 19:00:00,0.0,0.481,0.151,28.6,24.39,2.406,870.3759,75.32489999999999
2018-03-10 19:10:00,0.0,0.0,0.0,28.12,25.35,2.503,870.6,146.1217
2018-03-10 19:20:00,0.0,0.0,0.0,27.89,25.58,2.351,870.1429,281.54449999999997
2018-03-10 19:30:00,0.0,0.0,0.0,27.73,25.76,2.843,870.295,281.2728
2018-03-10 19:40:00,0.0,0.0,0.0,27.48,26.03,2.421,870.8525,350.78000000000003
2018-03-10 19:50:00,0.0,0.0,0.0,27.28,26.17,2.373,870.9487,335.71
2018-03-10 20:00:00,0.0,0.0,0.0,27.06,26.24,2.588,870.7793,273.033
2018-03-10 20:10:00,0.02,0.0,0.0,26.92,25.9,2.697,870.8491,309.87
2018-03-10 20:20:00,0.024,0.0,0.0,26.88,24.53,2.417,871.065,315.8079
2018-03-10 20:30:00,0.239,0.0,0.0,27.3,23.92,3.213,871.1437,342.39
2018-03-10 20:40:00,0.0,0.0,0.0,26.83,24.57,2.281,871.2419,37.069900000000004
2018-03-10 20:50:00,0.0,0.0,0.0,26.53,25.04,1.459,871.4011,88.779
2018-03-10 21:00:00,0.0,0.0,0.0,26.37,25.76,0.314,871.5989,93.131
2018-03-10 21:10:00,0.0,0.0,0.0,26.26,26.1,1.129,871.6234,205.3022
2018-03-10 21:20:00,0.0,0.0,0.0,26.16,26.61,0.392,871.8084,113.732
2018-03-10 21:30:00,0.0,0.0,0.0,25.88,28.22,0.222,872.2605,162.549
2018-03-10 21:40:00,0.063,0.0,0.0,25.43,28.62,0.563,872.3204,25.5982
2018-03-10 21:50:00,0.104,0.0,0.0,25.52,29.31,1.231,872.3943,28.435000000000002
2018-03-10 22:00:00,0.027,0.0,0.0,25.44,28.83,0.488,872.5009,183.1577
2018-03-10 22:10:00,0.23,0.0,0.0,25.43,29.72,1.975,872.4107,277.6385
2018-03-10 22:20:00,0.018,0.0,0.0,25.03,30.06,2.446,872.5503,179.327
2018-03-10 22:30:00,0.0,0.0,0.0,24.74,30.57,2.254,872.6974,53.628
2018-03-10 22:40:00,0.045,0.0,0.0,24.69,29.95,1.634,872.5987,14.762899999999998
2018-03-10 22:50:00,0.068,0.0,0.0,24.86,29.92,1.775,872.6892,50.757
2018-03-10 23:00:00,0.022,0.0,0.0,24.74,30.26,1.574,872.7953,310.93359999999996
2018-03-10 23:10:00,0.0,0.0,0.0,24.47,30.53,1.816,872.7791,267.6432
2018-03-10 23:20:00,0.0,0.0,0.0,24.34,31.01,1.028,872.9263,307.7469
2018-03-10 23:30:00,0.0,0.0,0.0,24.04,30.6,0.617,872.9913,333.32
2018-03-10 23:40:00,0.0,0.0,0.0,23.69,31.35,1.194,872.9261,326.64
2018-03-10 23:50:00,0.0,0.0,0.0,23.32,31.35,1.31,872.9506,330.14
