Date/Time,Environment:Site Outdoor Air Drybulb Temperature [C](TimeStep),Environment:Site Wind Speed [m/s](TimeStep),Environment:Site Wind Direction [deg](TimeStep),Environment:Site Diffuse Solar Radiation Rate per Area [W/m2](TimeStep),Environment:Site Diffuse Solar Radiation Rate per Area [W/m2](Hourly),Environment:Site Direct Solar Radiation Rate per Area [W/m2](TimeStep),Environment:Site Solar Hour Angle [deg](TimeStep),TECHO:Surface Outside Face Incident Solar Radiation Rate per Area [W/m2](TimeStep) 
 03/04  00:10:00,21.7,0.9,329.0,0.0,,0.0,189.6366987485473,0.0 
 03/04  00:20:00,22.6,0.8,330.0,0.0,,0.0,187.1366987485473,0.0 
 03/04  00:30:00,21.9,1.3,338.0,0.0,,0.0,184.6366987485473,0.0 
 03/04  00:40:00,21.6,2.1,348.0,0.0,,0.0,182.1366987485473,0.0 
 03/04  00:50:00,21.4,2.0,346.0,0.0,,0.0,179.6366987485473,0.0 
 03/04  01:00:00,21.0,2.3,337.0,0.0,0.0,0.0,177.1366987485473,0.0 
 03/04  01:10:00,21.3,2.1,309.0,0.0,,0.0,174.6366987485473,0.0 
 03/04  01:20:00,20.5,2.4,347.0,0.0,,0.0,172.1366987485473,0.0 
 03/04  01:30:00,20.5,2.7,334.0,0.0,,0.0,169.6366987485473,0.0 
 03/04  01:40:00,20.6,2.2,343.0,0.0,,0.0,167.1366987485473,0.0 
 03/04  01:50:00,20.3,1.8,188.0,0.0,,0.0,164.6366987485473,0.0 
 03/04  02:00:00,19.7,2.0,213.0,0.0,0.0,0.0,162.1366987485473,0.0 
 03/04  02:10:00,19.2,2.2,343.0,0.0,,0.0,159.6366987485473,0.0 
 03/04  02:20:00,19.4,2.5,341.0,0.0,,0.0,157.1366987485473,0.0 
 03/04  02:30:00,19.6,2.1,333.0,0.0,,0.0,154.6366987485473,0.0 
 03/04  02:40:00,18.9,2.1,209.0,0.0,,0.0,152.1366987485473,0.0 
 03/04  02:50:00,18.5,1.9,155.0,0.0,,0.0,149.6366987485473,0.0 
 03/04  03:00:00,18.1,1.2,280.0,0.0,0.0,0.0,147.1366987485473,0.0 
 03/04  03:10:00,17.9,2.0,283.0,0.0,,0.0,144.6366987485473,0.0 
 03/04  03:20:00,18.8,1.9,277.0,0.0,,0.0,142.1366987485473,0.0 
 03/04  03:30:00,19.2,2.2,309.0,0.0,,0.0,139.6366987485473,0.0 
 03/04  03:40:00,18.5,2.5,327.0,0.0,,0.0,137.1366987485473,0.0 
 03/04  03:50:00,18.7,2.2,312.0,0.0,,0.0,134.6366987485473,0.0 
 03/04  04:00:00,17.9,2.2,319.0,0.0,0.0,0.0,132.1366987485473,0.0 
 03/04  04:10:00,17.5,2.4,316.0,0.0,,0.0,129.6366987485473,0.0 
 03/04  04:20:00,17.5,2.2,309.0,0.0,,0.0,127.13669874854732,0.0 
 03/04  04:30:00,17.7,2.0,332.0,0.0,,0.0,124.63669874854732,0.0 
 03/04  04:40:00,17.6,2.5,330.0,0.0,,0.0,122.13669874854732,0.0 
 03/04  04:50:00,17.4,2.3,332.0,0.0,,0.0,119.63669874854732,0.0 
 03/04  05:00:00,17.3,2.7,340.0,0.0,0.0,0.0,117.13669874854732,0.0 
 03/04  05:10:00,17.3,2.9,346.0,0.0,,0.0,114.63669874854732,0.0 
 03/04  05:20:00,17.3,2.8,345.0,0.0,,0.0,112.13669874854732,0.0 
 03/04  05:30:00,17.1,3.2,345.0,0.0,,0.0,109.63669874854732,0.0 
 03/04  05:40:00,16.9,3.3,343.0,0.0,,0.0,107.13669874854732,0.0 
 03/04  05:50:00,16.8,3.3,345.0,0.0,,0.0,104.63669874854732,0.0 
 03/04  06:00:00,16.8,3.2,344.0,0.0,0.0,0.0,102.13669874854732,0.0 
 03/04  06:10:00,16.7,3.1,354.0,0.0,,0.0,99.63669874854732,0.0 
 03/04  06:20:00,16.7,2.8,352.0,0.0,,0.0,97.13669874854732,0.0 
 03/04  06:30:00,16.7,2.7,341.0,0.0,,0.0,94.63669874854732,0.0 
 03/04  06:40:00,16.5,2.3,344.0,0.0,,0.0,92.13669874854732,0.0 
 03/04  06:50:00,16.4,2.7,344.0,0.0,,0.0,89.63669874854732,0.0 
 03/04  07:00:00,16.1,2.6,329.0,0.891,0.1485,0.0,87.13669874854732,0.891 
 03/04  07:10:00,15.9,2.4,323.0,7.444,,8.76,84.63669874854732,7.966539194918631 
 03/04  07:20:00,16.1,2.2,330.0,17.28,,119.8,82.13669874854732,29.315052473655438 
 03/04  07:30:00,16.2,2.3,330.0,26.78,,234.7,79.63669874854732,59.876889194305775 
 03/04  07:40:00,16.6,1.8,306.0,35.4,,345.1,77.13669874854732,97.9487972628096 
 03/04  07:50:00,17.1,1.5,287.0,42.56,,427.4,74.63669874854732,137.04719246030731 
 03/04  08:00:00,17.8,1.2,293.0,49.06,29.754,492.4,72.13669874854732,177.29091510066368 
 03/04  08:10:00,18.8,1.1,266.0,55.15,,537.0,69.63669874854733,215.82626629262592 
 03/04  08:20:00,19.8,1.1,204.0,60.57,,577.1,67.1366987485473,255.26776524600166 
 03/04  08:30:00,20.6,0.8,214.0,65.13,,618.4,64.6366987485473,296.9266024726828 
 03/04  08:40:00,21.2,1.4,201.0,69.48,,657.2,62.13669874854732,339.930953986253 
 03/04  08:50:00,21.1,1.6,189.0,74.43,,680.3,59.636698748547296,378.77205570275436 
 03/04  09:00:00,21.8,1.5,178.0,77.43,67.03166666666667,706.6,57.1366987485473,418.22173893393085 
 03/04  09:10:00,22.3,1.4,156.0,81.8,,728.6,54.63669874854732,457.9426346736076 
 03/04  09:20:00,22.8,1.8,225.0,85.9,,746.6,52.136698748547296,495.90870835740634 
 03/04  09:30:00,22.9,1.6,203.0,90.1,,759.6,49.6366987485473,531.4100878447321 
 03/04  09:40:00,23.1,1.3,170.0,93.1,,777.2,47.13669874854732,568.4516308832451 
 03/04  09:50:00,23.3,1.0,162.0,95.8,,796.6,44.636698748547296,606.4531474827568 
 03/04  10:00:00,23.9,1.7,131.0,94.1,90.13333333333333,828.0,42.1366987485473,648.1821399932455 
 03/04  10:10:00,24.4,1.6,193.0,94.7,,843.0,39.63669874854732,681.4183677889934 
 03/04  10:20:00,24.4,1.6,118.0,98.2,,848.0,37.136698748547296,709.9570071801681 
 03/04  10:30:00,25.0,1.8,97.0,101.8,,852.0,34.6366987485473,736.882425555882 
 03/04  10:40:00,24.8,1.4,183.0,104.0,,857.0,32.13669874854732,762.1022427097687 
 03/04  10:50:00,25.4,1.2,179.0,105.2,,867.0,29.636698748547296,789.1804571008059 
 03/04  11:00:00,25.3,1.8,199.0,107.7,101.93333333333334,869.0,27.136698748547307,810.1427053669476 
 03/04  11:10:00,25.4,1.9,167.0,111.3,,864.0,24.636698748547317,825.1075547199869 
 03/04  11:20:00,25.4,1.7,209.0,112.1,,876.0,22.136698748547296,850.0123701466026 
 03/04  11:30:00,26.2,1.4,191.0,112.3,,880.0,19.636698748547307,866.3741084488049 
 03/04  11:40:00,25.2,1.2,157.0,114.1,,885.0,17.136698748547317,883.8274311406703 
 03/04  11:50:00,27.0,2.0,115.0,115.2,,893.0,14.636698748547298,901.8254894389637 
 03/04  12:00:00,27.0,1.7,171.0,116.1,113.51666666666667,901.0,12.136698748547307,918.2373247706835 
 03/04  12:10:00,27.2,2.2,146.0,116.6,,904.0,9.636698748547316,928.3154354025654 
 03/04  12:20:00,26.8,1.9,192.0,118.8,,901.0,7.136698748547298,933.1125156727228 
 03/04  12:30:00,26.2,1.5,148.0,120.5,,898.0,4.636698748547307,935.776092427647 
 03/04  12:40:00,28.1,1.6,165.0,120.8,,900.0,2.1366987485473157,939.9661348543757 
 03/04  12:50:00,27.6,1.8,250.0,121.4,,896.0,-0.3633012514527021,937.3848384904758 
 03/04  13:00:00,28.4,1.0,247.0,121.3,119.89999999999999,897.0,-2.863301251452693,937.0472013919126 
 03/04  13:10:00,28.9,1.4,311.0,121.6,,895.0,-5.363301251452684,932.7800707071613 
 03/04  13:20:00,27.6,2.0,227.0,123.5,,893.0,-7.863301251452704,928.531501543151 
 03/04  13:30:00,28.4,1.5,172.0,123.5,,881.0,-10.363301251452693,911.8718351084054 
 03/04  13:40:00,29.4,1.5,171.0,125.3,,872.0,-12.863301251452683,898.2988200070187 
 03/04  13:50:00,29.0,2.2,135.0,130.6,,857.0,-15.363301251452704,881.6114118297886 
 03/04  14:00:00,29.3,2.3,79.0,132.7,126.2,850.0,-17.863301251452693,867.4892966751786 
 03/04  14:10:00,28.8,2.0,146.0,134.3,,848.0,-20.363301251452683,855.8504902058542 
 03/04  14:20:00,29.6,1.5,193.0,135.0,,834.0,-22.863301251452704,831.9178549414662 
 03/04  14:30:00,29.3,2.9,127.0,134.5,,834.0,-25.363301251452697,817.3214471595901 
 03/04  14:40:00,29.7,1.1,224.0,132.3,,819.0,-27.863301251452683,787.6725497532423 
 03/04  14:50:00,30.4,1.5,112.0,130.5,,810.0,-30.363301251452704,762.3874540845131 
 03/04  15:00:00,30.4,2.3,122.0,129.0,132.6,806.0,-32.8633012514527,740.3194630656477 
 03/04  15:10:00,30.7,1.5,212.0,125.9,,796.0,-35.36330125145268,711.2072398203369 
 03/04  15:20:00,30.8,2.7,231.0,123.5,,793.7,-37.863301251452704,687.5835641538769 
 03/04  15:30:00,29.5,2.4,153.0,121.1,,785.0,-40.3633012514527,658.5734792018906 
 03/04  15:40:00,30.7,1.7,147.0,118.0,,770.2,-42.86330125145268,624.2487849129853 
 03/04  15:50:00,31.5,1.9,136.0,115.2,,759.6,-45.363301251452704,592.6847622255752 
 03/04  16:00:00,31.5,2.1,172.0,112.8,119.41666666666667,745.6,-47.8633012514527,559.1529384448056 
 03/04  16:10:00,32.0,1.8,238.0,110.1,,735.4,-50.36330125145271,527.4390771261355 
 03/04  16:20:00,31.7,1.4,164.0,106.2,,713.2,-52.863301251452675,487.91166845695204 
 03/04  16:30:00,32.4,0.9,160.0,100.8,,696.9,-55.3633012514527,450.5337468617887 
 03/04  16:40:00,32.0,1.5,156.0,97.5,,667.5,-57.86330125145271,409.5292987582172 
 03/04  16:50:00,31.8,2.3,159.0,94.6,,629.3,-60.36330125145268,366.5381056993408 
 03/04  17:00:00,32.0,1.3,162.0,90.0,99.86666666666667,590.1,-62.8633012514527,323.62900119559504 
 03/04  17:10:00,32.6,1.7,175.0,85.1,,558.4,-65.36330125145271,285.50279844794795 
 03/04  17:20:00,31.7,2.2,216.0,80.5,,517.6,-67.86330125145268,246.71080568405625 
 03/04  17:30:00,31.2,2.5,191.0,74.21,,471.1,-70.3633012514527,207.3797460581381 
 03/04  17:40:00,31.1,1.8,202.0,66.44,,413.2,-72.86330125145271,167.11239997776863 
 03/04  17:50:00,31.1,1.6,207.0,58.72,,361.3,-75.36330125145268,132.454183965663 
 03/04  18:00:00,30.8,1.7,184.0,49.93,69.15,307.6,-77.8633012514527,100.39845864642471 
 03/04  18:10:00,30.1,2.0,177.0,41.03,,239.6,-80.36330125145271,70.66647924674012 
 03/04  18:20:00,30.2,1.2,206.0,29.8,,164.4,-82.86330125145268,43.44789600274464 
 03/04  18:30:00,29.8,1.2,206.0,18.44,,81.3,-85.3633012514527,21.86467214161939 
 03/04  18:40:00,29.0,0.9,241.0,0.0,,0.0,-87.86330125145271,0.0 
 03/04  18:50:00,28.3,0.2,279.0,0.0,,0.0,-90.36330125145268,0.0 
 03/04  19:00:00,27.8,0.0,255.0,0.0,14.878333333333332,0.0,-92.8633012514527,0.0 
 03/04  19:10:00,27.1,0.0,303.0,0.0,,0.0,-95.36330125145271,0.0 
 03/04  19:20:00,26.5,0.6,340.0,0.0,,0.0,-97.86330125145268,0.0 
 03/04  19:30:00,25.8,2.0,346.0,0.0,,0.0,-100.3633012514527,0.0 
 03/04  19:40:00,25.4,2.6,316.0,0.0,,0.0,-102.86330125145271,0.0 
 03/04  19:50:00,25.0,2.4,318.0,0.0,,0.0,-105.36330125145268,0.0 
 03/04  20:00:00,24.7,2.3,321.0,0.0,0.0,0.0,-107.8633012514527,0.0 
 03/04  20:10:00,24.3,2.2,353.0,0.0,,0.0,-110.36330125145271,0.0 
 03/04  20:20:00,24.3,2.2,316.0,0.0,,0.0,-112.86330125145268,0.0 
 03/04  20:30:00,24.2,2.8,239.0,0.0,,0.0,-115.3633012514527,0.0 
 03/04  20:40:00,24.0,2.7,310.0,0.0,,0.0,-117.86330125145271,0.0 
 03/04  20:50:00,24.4,3.1,348.0,0.0,,0.0,-120.36330125145268,0.0 
 03/04  21:00:00,24.2,2.1,251.0,0.0,0.0,0.0,-122.86330125145268,0.0 
 03/04  21:10:00,24.0,1.2,110.0,0.0,,0.0,-125.36330125145271,0.0 
 03/04  21:20:00,24.0,1.6,279.0,0.0,,0.0,-127.86330125145268,0.0 
 03/04  21:30:00,23.8,2.0,348.0,0.0,,0.0,-130.3633012514527,0.0 
 03/04  21:40:00,23.8,2.7,355.0,0.0,,0.0,-132.8633012514527,0.0 
 03/04  21:50:00,23.5,2.1,355.0,0.0,,0.0,-135.3633012514527,0.0 
 03/04  22:00:00,23.5,2.2,284.0,0.0,0.0,0.0,-137.8633012514527,0.0 
 03/04  22:10:00,23.4,1.5,319.0,0.0,,0.0,-140.3633012514527,0.0 
 03/04  22:20:00,23.6,1.5,109.0,0.0,,0.0,-142.8633012514527,0.0 
 03/04  22:30:00,23.5,0.3,273.0,0.0,,0.0,-145.3633012514527,0.0 
 03/04  22:40:00,23.1,0.1,323.0,0.0,,0.0,-147.8633012514527,0.0 
 03/04  22:50:00,23.0,0.6,287.0,0.0,,0.0,-150.3633012514527,0.0 
 03/04  23:00:00,22.6,1.3,284.0,0.0,0.0,0.0,-152.8633012514527,0.0 
 03/04  23:10:00,22.4,1.3,170.0,0.0,,0.0,-155.3633012514527,0.0 
 03/04  23:20:00,22.4,0.8,115.0,0.0,,0.0,-157.8633012514527,0.0 
 03/04  23:30:00,21.9,0.3,215.0,0.0,,0.0,-160.3633012514527,0.0 
 03/04  23:40:00,21.4,1.0,229.0,0.0,,0.0,-162.8633012514527,0.0 
 03/04  23:50:00,21.6,1.0,50.0,0.0,,0.0,-165.3633012514527,0.0 
 03/04  24:00:00,21.3,1.2,46.0,0.0,0.0,0.0,-167.8633012514527,0.0 
 03/05  00:10:00,20.5,0.3,73.0,0.0,,0.0,189.58239419569873,0.0 
 03/05  00:20:00,20.7,1.1,95.0,0.0,,0.0,187.08239419569873,0.0 
 03/05  00:30:00,21.1,0.4,103.0,0.0,,0.0,184.58239419569878,0.0 
 03/05  00:40:00,20.9,1.5,15.0,0.0,,0.0,182.08239419569873,0.0 
 03/05  00:50:00,20.6,2.1,247.0,0.0,,0.0,179.58239419569873,0.0 
 03/05  01:00:00,20.7,2.5,339.0,0.0,0.0,0.0,177.08239419569878,0.0 
 03/05  01:10:00,20.8,2.4,335.0,0.0,,0.0,174.58239419569873,0.0 
 03/05  01:20:00,20.5,2.4,323.0,0.0,,0.0,172.08239419569873,0.0 
 03/05  01:30:00,21.0,1.7,323.0,0.0,,0.0,169.58239419569878,0.0 
 03/05  01:40:00,21.1,1.8,245.0,0.0,,0.0,167.08239419569873,0.0 
 03/05  01:50:00,20.5,1.8,308.0,0.0,,0.0,164.58239419569873,0.0 
 03/05  02:00:00,20.1,2.0,90.0,0.0,0.0,0.0,162.08239419569878,0.0 
 03/05  02:10:00,20.1,1.3,29.0,0.0,,0.0,159.58239419569873,0.0 
 03/05  02:20:00,20.3,1.0,33.0,0.0,,0.0,157.08239419569873,0.0 
 03/05  02:30:00,20.3,0.8,19.0,0.0,,0.0,154.58239419569873,0.0 
 03/05  02:40:00,20.2,1.1,49.0,0.0,,0.0,152.08239419569873,0.0 
 03/05  02:50:00,20.2,0.6,36.0,0.0,,0.0,149.58239419569873,0.0 
 03/05  03:00:00,20.0,0.2,191.0,0.0,0.0,0.0,147.08239419569873,0.0 
 03/05  03:10:00,19.9,0.6,277.0,0.0,,0.0,144.58239419569873,0.0 
 03/05  03:20:00,20.2,1.3,344.0,0.0,,0.0,142.08239419569873,0.0 
 03/05  03:30:00,20.3,2.0,346.0,0.0,,0.0,139.58239419569873,0.0 
 03/05  03:40:00,19.7,2.4,344.0,0.0,,0.0,137.08239419569873,0.0 
 03/05  03:50:00,19.7,2.3,340.0,0.0,,0.0,134.58239419569875,0.0 
 03/05  04:00:00,20.0,2.1,343.0,0.0,0.0,0.0,132.08239419569873,0.0 
 03/05  04:10:00,19.1,2.5,352.0,0.0,,0.0,129.58239419569873,0.0 
 03/05  04:20:00,18.8,2.4,315.0,0.0,,0.0,127.08239419569875,0.0 
 03/05  04:30:00,19.0,2.1,347.0,0.0,,0.0,124.58239419569874,0.0 
 03/05  04:40:00,18.8,2.0,350.0,0.0,,0.0,122.08239419569874,0.0 
 03/05  04:50:00,18.6,1.4,248.0,0.0,,0.0,119.58239419569875,0.0 
 03/05  05:00:00,18.8,1.3,250.0,0.0,0.0,0.0,117.08239419569874,0.0 
 03/05  05:10:00,18.0,2.1,179.0,0.0,,0.0,114.58239419569874,0.0 
 03/05  05:20:00,18.1,1.5,344.0,0.0,,0.0,112.08239419569875,0.0 
 03/05  05:30:00,18.4,1.6,339.0,0.0,,0.0,109.58239419569874,0.0 
 03/05  05:40:00,17.5,1.9,338.0,0.0,,0.0,107.08239419569874,0.0 
 03/05  05:50:00,17.5,1.5,333.0,0.0,,0.0,104.58239419569875,0.0 
 03/05  06:00:00,17.4,1.8,333.0,0.0,0.0,0.0,102.08239419569874,0.0 
 03/05  06:10:00,17.2,2.1,325.0,0.0,,0.0,99.58239419569874,0.0 
 03/05  06:20:00,17.6,1.6,328.0,0.0,,0.0,97.08239419569875,0.0 
 03/05  06:30:00,17.3,1.8,333.0,0.0,,0.0,94.58239419569874,0.0 
 03/05  06:40:00,17.1,2.5,341.0,0.0,,0.0,92.08239419569874,0.0 
 03/05  06:50:00,17.2,2.9,351.0,0.0,,0.0,89.58239419569875,0.0 
 03/05  07:00:00,17.0,3.2,349.0,1.469,0.24483333333333335,0.028,87.08239419569874,1.469522723623689 
 03/05  07:10:00,17.0,2.8,344.0,8.77,,15.95,84.58239419569874,9.721426958784493 
 03/05  07:20:00,17.0,2.8,280.0,18.63,,125.4,82.08239419569875,31.2276258781001 
 03/05  07:30:00,17.2,2.8,144.0,28.32,,227.8,79.58239419569874,60.443866035206035 
 03/05  07:40:00,17.3,2.0,340.0,36.75,,317.2,77.08239419569874,94.2419689706265 
 03/05  07:50:00,17.7,1.8,342.0,44.6,,385.0,74.58239419569875,129.71363850542426 
 03/05  08:00:00,18.4,1.1,179.0,51.56,31.438333333333333,440.8,72.08239419569875,166.35323187727977 
 03/05  08:10:00,19.7,0.2,208.0,57.67,,498.0,69.58239419569875,206.67704024902736 
 03/05  08:20:00,21.3,0.0,237.0,62.81,,547.0,67.08239419569875,247.3528480151844 
 03/05  08:30:00,21.5,0.0,275.0,67.77,,590.1,64.58239419569875,288.95883428061154 
 03/05  08:40:00,22.5,0.0,127.0,72.16,,632.3,62.08239419569877,332.36410560789363 
 03/05  08:50:00,23.4,0.2,106.0,75.95,,668.5,59.582394195698754,375.0131548394698 
 03/05  09:00:00,23.6,0.7,116.0,79.89,69.37499999999999,693.0,57.08239419569876,414.12248667027177 
 03/05  09:10:00,24.3,0.9,145.0,83.0,,719.2,54.58239419569877,454.2898474571213 
 03/05  09:20:00,24.6,1.2,155.0,86.6,,734.3,52.082394195698754,489.8539439416601 
 03/05  09:30:00,24.5,1.8,167.0,89.0,,768.9,49.58239419569876,535.7131734384077 
 03/05  09:40:00,24.3,1.5,121.0,90.5,,794.0,47.08239419569877,576.126859137026 
 03/05  09:50:00,24.8,1.6,81.0,92.1,,816.0,44.582394195698754,615.1893401279557 
 03/05  10:00:00,24.7,1.4,170.0,94.8,89.33333333333333,824.0,42.08239419569876,646.2054146792684 
 03/05  10:10:00,25.8,1.4,171.0,98.1,,827.0,39.58239419569877,673.6825506067586 
 03/05  10:20:00,24.5,2.1,153.0,100.1,,839.0,37.082394195698754,705.3643030945295 
 03/05  10:30:00,25.5,1.9,183.0,101.6,,853.0,34.58239419569876,737.4278274638116 
 03/05  10:40:00,25.9,2.0,149.0,104.0,,858.0,32.08239419569877,762.8701566452527 
 03/05  10:50:00,25.7,2.1,155.0,107.3,,864.0,29.58239419569875,788.9137427163739 
 03/05  11:00:00,26.2,2.5,165.0,110.3,103.56666666666666,869.0,27.08239419569876,812.7427053669475 
 03/05  11:10:00,26.1,2.0,185.0,114.0,,872.0,24.582394195698768,834.4168839303571 
 03/05  11:20:00,26.3,1.9,181.0,115.6,,878.0,22.08239419569875,855.1971015852936 
 03/05  11:30:00,26.9,2.3,174.0,116.7,,882.0,19.58239419569876,872.4879132407341 
 03/05  11:40:00,26.5,1.3,207.0,117.6,,887.0,17.082394195698768,889.0669281601973 
 03/05  11:50:00,26.8,2.2,187.0,119.2,,892.0,14.58239419569875,904.9446098315293 
 03/05  12:00:00,27.1,1.6,183.0,124.7,117.96666666666668,878.0,12.08239419569876,906.3610112637737 
 03/05  12:10:00,27.4,2.0,178.0,127.7,,881.0,9.582394195698768,918.7633833956418 
 03/05  12:20:00,27.5,2.3,221.0,134.7,,872.0,7.08239419569875,922.8026788752657 
 03/05  12:30:00,27.9,2.0,236.0,141.1,,864.0,4.582394195698759,925.5081780150189 
 03/05  12:40:00,28.2,1.3,148.0,146.7,,844.0,2.082394195698768,914.8957975745479 
 03/05  12:50:00,29.2,1.4,82.0,152.5,,839.0,-0.4176058043012496,916.5750887204343 
 03/05  13:00:00,28.5,2.5,96.0,154.1,142.8,820.0,-2.9176058043012407,899.8220793103327 
 03/05  13:10:00,28.1,1.9,146.0,153.9,,813.0,-5.417605804301232,890.7596619943264 
 03/05  13:20:00,28.7,1.7,144.0,155.0,,806.0,-7.91760580430125,881.6017807881071 
 03/05  13:30:00,29.1,2.3,144.0,155.8,,797.4,-10.417605804301239,869.3615224919893 
 03/05  13:40:00,30.0,1.0,98.0,155.0,,806.0,-12.917605804301232,869.492028584469 
 03/05  13:50:00,29.1,1.5,156.0,153.5,,798.2,-15.41760580430125,852.9834409831241 
 03/05  14:00:00,30.1,2.4,203.0,152.5,154.28333333333333,790.4,-17.91760580430124,835.7676001083072 
 03/05  14:10:00,29.9,1.9,204.0,150.3,,790.6,-20.417605804301232,823.0096905150333 
 03/05  14:20:00,30.3,1.5,150.0,148.8,,792.7,-22.917605804301246,811.2062153622305 
 03/05  14:30:00,30.7,2.0,161.0,148.0,,775.5,-25.41760580430124,782.92569816818 
 03/05  14:40:00,30.4,2.1,170.0,143.9,,782.9,-27.917605804301232,770.3849440803582 
 03/05  14:50:00,30.4,2.7,155.0,140.5,,783.9,-30.417605804301246,752.0266361195677 
 03/05  15:00:00,31.4,0.9,156.0,137.4,144.81666666666666,782.4,-32.91760580430124,730.8197864796064 
 03/05  15:10:00,31.7,2.0,154.0,136.7,,787.9,-35.41760580430123,716.0512239377431 
 03/05  15:20:00,31.6,2.7,200.0,137.4,,766.5,-37.917605804301246,682.152490769745 
 03/05  15:30:00,32.3,0.9,136.0,137.6,,743.8,-40.41760580430124,646.864680038683 
 03/05  15:40:00,32.8,1.5,141.0,138.5,,723.6,-42.91760580430123,614.1188272695874 
 03/05  15:50:00,32.7,1.9,151.0,139.6,,702.1,-45.417605804301246,580.940246917557 
 03/05  16:00:00,32.9,1.7,146.0,141.6,138.5666666666667,676.8,-47.91760580430124,546.7658647256496 
 03/05  16:10:00,32.6,2.3,120.0,144.4,,675.0,-50.41760580430126,527.4621118576849 
 03/05  16:20:00,33.0,1.5,125.0,142.7,,631.5,-52.917605804301246,480.685023318235 
 03/05  16:30:00,33.2,2.1,128.0,144.8,,584.3,-55.41760580430126,438.02632844216265 
 03/05  16:40:00,33.1,2.1,114.0,153.5,,554.0,-57.91760580430129,412.4726314787301 
 03/05  16:50:00,33.2,1.8,121.0,165.6,,516.2,-60.417605804301246,388.66443693309986 
 03/05  17:00:00,33.3,2.0,154.0,176.3,154.55000000000004,490.7,-62.91760580430126,370.5751243631223 
 03/05  17:10:00,32.9,1.9,169.0,188.8,,437.2,-65.41760580430129,345.70562944384466 
 03/05  17:20:00,32.9,2.8,200.0,192.5,,394.5,-67.91760580430125,319.18114923176233 
 03/05  17:30:00,32.0,2.6,195.0,166.2,,332.6,-70.41760580430126,260.21880182325776 
 03/05  17:40:00,32.0,1.7,154.0,129.6,,240.1,-72.91760580430129,188.09816852532003 
 03/05  17:50:00,31.7,2.6,146.0,101.1,,136.4,-75.41760580430125,128.93654218908506 
 03/05  18:00:00,31.0,2.2,168.0,73.9,142.01666666666668,53.06,-77.91760580430126,82.60564504479615 
 03/05  18:10:00,31.2,1.5,182.0,63.14,,157.2,-80.41760580430129,82.58430107507323 
 03/05  18:20:00,31.1,1.8,174.0,53.85,,60.96,-82.91760580430125,58.91067968568926 
 03/05  18:30:00,30.2,2.3,184.0,30.09,,26.49,-85.41760580430126,31.205861808505507 
 03/05  18:40:00,30.0,2.0,155.0,0.0,,0.0,-87.91760580430129,0.0 
 03/05  18:50:00,29.7,1.3,165.0,0.0,,0.0,-90.41760580430125,0.0 
 03/05  19:00:00,29.4,1.1,188.0,0.0,24.513333333333335,0.0,-92.91760580430126,0.0 
 03/05  19:10:00,29.1,0.4,178.0,0.0,,0.0,-95.41760580430129,0.0 
 03/05  19:20:00,28.9,0.2,195.0,0.0,,0.0,-97.91760580430125,0.0 
 03/05  19:30:00,28.7,0.0,213.0,0.0,,0.0,-100.41760580430126,0.0 
 03/05  19:40:00,28.2,0.0,285.0,0.0,,0.0,-102.91760580430129,0.0 
 03/05  19:50:00,27.8,0.8,320.0,0.0,,0.0,-105.41760580430125,0.0 
 03/05  20:00:00,27.2,1.9,326.0,0.0,0.0,0.0,-107.91760580430126,0.0 
 03/05  20:10:00,27.2,2.2,349.0,0.0,,0.0,-110.41760580430129,0.0 
 03/05  20:20:00,25.8,2.9,349.0,0.0,,0.0,-112.91760580430125,0.0 
 03/05  20:30:00,25.7,2.6,314.0,0.0,,0.0,-115.41760580430126,0.0 
 03/05  20:40:00,25.6,2.1,249.0,0.0,,0.0,-117.91760580430129,0.0 
 03/05  20:50:00,25.2,2.2,247.0,0.0,,0.0,-120.41760580430126,0.0 
 03/05  21:00:00,24.9,2.0,313.0,0.0,0.0,0.0,-122.91760580430126,0.0 
 03/05  21:10:00,24.9,1.7,55.0,0.0,,0.0,-125.41760580430129,0.0 
 03/05  21:20:00,24.9,1.3,146.0,0.0,,0.0,-127.91760580430126,0.0 
 03/05  21:30:00,24.6,1.4,217.0,0.0,,0.0,-130.41760580430127,0.0 
 03/05  21:40:00,24.6,1.3,178.0,0.0,,0.0,-132.91760580430127,0.0 
 03/05  21:50:00,24.5,0.8,248.0,0.0,,0.0,-135.41760580430127,0.0 
 03/05  22:00:00,24.0,1.4,119.0,0.0,0.0,0.0,-137.91760580430127,0.0 
 03/05  22:10:00,23.8,1.3,212.0,0.0,,0.0,-140.41760580430127,0.0 
 03/05  22:20:00,23.9,0.3,266.0,0.0,,0.0,-142.91760580430127,0.0 
 03/05  22:30:00,23.9,1.2,283.0,0.0,,0.0,-145.41760580430127,0.0 
 03/05  22:40:00,23.8,0.5,272.0,0.0,,0.0,-147.91760580430127,0.0 
 03/05  22:50:00,23.5,0.0,236.0,0.0,,0.0,-150.41760580430127,0.0 
 03/05  23:00:00,23.2,1.0,81.0,0.0,0.0,0.0,-152.91760580430127,0.0 
 03/05  23:10:00,23.3,0.9,162.0,0.0,,0.0,-155.41760580430127,0.0 
 03/05  23:20:00,23.3,0.7,155.0,0.0,,0.0,-157.91760580430127,0.0 
 03/05  23:30:00,22.8,0.4,226.0,0.0,,0.0,-160.41760580430127,0.0 
 03/05  23:40:00,22.9,0.3,246.0,0.0,,0.0,-162.91760580430127,0.0 
 03/05  23:50:00,22.8,1.2,208.0,0.0,,0.0,-165.41760580430127,0.0 
 03/05  24:00:00,22.7,1.7,130.0,0.0,0.0,0.0,-167.91760580430127,0.0 
 03/06  00:10:00,22.7,0.5,120.0,0.0,,0.0,189.52622429456443,0.0 
 03/06  00:20:00,22.8,0.2,103.0,0.0,,0.0,187.02622429456443,0.0 
 03/06  00:30:00,22.6,0.5,132.0,0.0,,0.0,184.52622429456443,0.0 
 03/06  00:40:00,22.6,0.0,187.0,0.0,,0.0,182.02622429456443,0.0 
 03/06  00:50:00,22.7,0.0,29.0,0.0,,0.0,179.52622429456443,0.0 
 03/06  01:00:00,22.4,1.0,181.0,0.0,0.0,0.0,177.02622429456443,0.0 
 03/06  01:10:00,22.1,1.7,213.0,0.0,,0.0,174.52622429456443,0.0 
 03/06  01:20:00,21.2,2.2,273.0,0.0,,0.0,172.02622429456443,0.0 
 03/06  01:30:00,21.1,2.1,331.0,0.0,,0.0,169.52622429456443,0.0 
 03/06  01:40:00,21.4,2.3,336.0,0.0,,0.0,167.02622429456443,0.0 
 03/06  01:50:00,21.3,2.3,337.0,0.0,,0.0,164.52622429456443,0.0 
 03/06  02:00:00,20.8,2.3,343.0,0.0,0.0,0.0,162.02622429456443,0.0 
 03/06  02:10:00,20.3,2.5,338.0,0.0,,0.0,159.52622429456443,0.0 
 03/06  02:20:00,19.7,2.4,331.0,0.0,,0.0,157.02622429456443,0.0 
 03/06  02:30:00,20.5,2.2,338.0,0.0,,0.0,154.52622429456443,0.0 
 03/06  02:40:00,20.3,2.2,338.0,0.0,,0.0,152.02622429456443,0.0 
 03/06  02:50:00,19.8,2.0,329.0,0.0,,0.0,149.52622429456443,0.0 
 03/06  03:00:00,19.7,1.9,331.0,0.0,0.0,0.0,147.02622429456443,0.0 
 03/06  03:10:00,19.7,2.1,336.0,0.0,,0.0,144.52622429456443,0.0 
 03/06  03:20:00,19.5,2.3,350.0,0.0,,0.0,142.02622429456443,0.0 
 03/06  03:30:00,19.3,2.1,354.0,0.0,,0.0,139.52622429456443,0.0 
 03/06  03:40:00,19.2,1.7,276.0,0.0,,0.0,137.02622429456443,0.0 
 03/06  03:50:00,19.1,1.5,333.0,0.0,,0.0,134.52622429456443,0.0 
 03/06  04:00:00,18.9,1.9,332.0,0.0,0.0,0.0,132.02622429456446,0.0 
 03/06  04:10:00,19.4,1.8,334.0,0.0,,0.0,129.52622429456443,0.0 
 03/06  04:20:00,19.0,2.0,334.0,0.0,,0.0,127.02622429456446,0.0 
 03/06  04:30:00,18.7,2.0,338.0,0.0,,0.0,124.52622429456446,0.0 
 03/06  04:40:00,18.9,2.0,346.0,0.0,,0.0,122.02622429456446,0.0 
 03/06  04:50:00,18.6,2.2,349.0,0.0,,0.0,119.52622429456446,0.0 
 03/06  05:00:00,18.4,2.3,41.0,0.0,0.0,0.0,117.02622429456446,0.0 
 03/06  05:10:00,18.7,2.3,22.0,0.0,,0.0,114.52622429456446,0.0 
 03/06  05:20:00,18.9,1.8,23.0,0.0,,0.0,112.02622429456446,0.0 
 03/06  05:30:00,19.0,1.6,14.0,0.0,,0.0,109.52622429456446,0.0 
 03/06  05:40:00,19.1,1.5,144.0,0.0,,0.0,107.02622429456446,0.0 
 03/06  05:50:00,19.1,1.7,345.0,0.0,,0.0,104.52622429456446,0.0 
 03/06  06:00:00,19.4,2.0,351.0,0.0,0.0,0.0,102.02622429456446,0.0 
 03/06  06:10:00,19.0,2.1,353.0,0.0,,0.0,99.52622429456446,0.0 
 03/06  06:20:00,18.4,2.1,41.0,0.0,,0.0,97.02622429456446,0.0 
 03/06  06:30:00,18.3,2.1,251.0,0.0,,0.0,94.52622429456446,0.0 
 03/06  06:40:00,18.5,2.0,350.0,0.0,,0.0,92.02622429456446,0.0 
 03/06  06:50:00,18.2,1.8,249.0,0.0,,0.0,89.52622429456446,0.0 
 03/06  07:00:00,18.2,2.1,313.0,1.756,0.2926666666666667,0.246,87.02622429456446,1.7605925004081238 
 03/06  07:10:00,18.6,2.2,211.0,10.35,,8.43,84.52622429456446,10.85285449921964 
 03/06  07:20:00,18.8,2.0,179.0,22.59,,59.56,82.02622429456446,28.573369994415007 
 03/06  07:30:00,19.1,1.4,341.0,35.58,,120.5,79.52622429456446,52.57265082195929 
 03/06  07:40:00,19.5,1.4,351.0,48.92,,177.6,77.02622429456446,81.10970267712253 
 03/06  07:50:00,19.9,1.5,80.0,61.98,,234.3,74.52622429456446,113.77772857615818 
 03/06  08:00:00,20.3,1.0,116.0,74.48,42.31666666666666,277.1,72.02622429456446,146.64244227131178 
 03/06  08:10:00,20.9,0.6,109.0,85.2,,325.1,69.52622429456446,182.47347145574057 
 03/06  08:20:00,21.9,0.0,79.0,94.7,,368.7,67.02622429456446,219.08930176087475 
 03/06  08:30:00,22.8,0.6,102.0,104.0,,408.3,64.52622429456446,257.0442315485065 
 03/06  08:40:00,23.1,0.7,162.0,111.1,,443.8,62.026224294564464,293.73258274360785 
 03/06  08:50:00,23.4,1.2,184.0,118.4,,471.4,59.52622429456445,329.28761584341964 
 03/06  09:00:00,23.8,0.9,170.0,125.6,106.5,502.6,57.02622429456446,368.0029549790456 
 03/06  09:10:00,24.0,0.9,178.0,134.1,,534.4,54.526224294564464,409.98611579683757 
 03/06  09:20:00,24.6,1.4,204.0,142.2,,559.6,52.02622429456445,449.5143225245172 
 03/06  09:30:00,24.0,1.1,157.0,149.7,,582.7,49.52622429456446,488.23526617578375 
 03/06  09:40:00,25.0,1.3,195.0,161.0,,584.1,47.026224294564464,518.247668037704 
 03/06  09:50:00,25.0,1.8,239.0,172.2,,595.2,44.52622429456445,553.7475186815677 
 03/06  10:00:00,24.2,1.5,197.0,166.9,154.35,562.8,42.02622429456446,543.5152516765683 
 03/06  10:10:00,24.9,1.6,198.0,169.5,,635.6,39.526224294564464,611.8703375642754 
 03/06  10:20:00,24.4,2.1,151.0,172.3,,655.8,37.02622429456445,645.401704373531 
 03/06  10:30:00,25.9,1.8,168.0,175.1,,665.9,34.52622429456446,671.4631304902134 
 03/06  10:40:00,26.1,1.5,182.0,176.9,,683.5,32.026224294564464,701.7691749032986 
 03/06  10:50:00,26.5,1.6,116.0,176.6,,702.0,29.52622429456445,730.4111659570539 
 03/06  11:00:00,26.8,1.1,140.0,176.0,174.4,718.9,27.026224294564457,757.1116926217475 
 03/06  11:10:00,27.7,1.2,95.0,175.7,,735.8,24.526224294564464,783.5930541238035 
 03/06  11:20:00,27.7,1.3,134.0,175.5,,745.5,22.02622429456445,803.4836437720231 
 03/06  11:30:00,26.8,1.0,187.0,177.7,,745.8,19.526224294564457,816.7778069103622 
 03/06  11:40:00,27.7,2.0,175.0,177.9,,763.0,17.026224294564464,841.518112949527 
 03/06  11:50:00,27.1,1.9,176.0,174.8,,775.5,14.526224294564448,857.9221355654158 
 03/06  12:00:00,29.1,1.0,178.0,171.4,175.5,784.6,12.026224294564457,869.9093729357139 
 03/06  12:10:00,28.9,1.5,98.0,167.6,,786.5,9.526224294564466,873.8103871063249 
 03/06  12:20:00,28.9,1.4,96.0,167.9,,790.6,7.026224294564448,882.4343783472306 
 03/06  12:30:00,28.7,2.1,91.0,171.4,,786.6,4.526224294564457,885.5382787345068 
 03/06  12:40:00,28.4,1.5,131.0,175.8,,792.4,2.026224294564466,897.0302725095637 
 03/06  12:50:00,29.5,2.6,125.0,192.1,,777.8,-0.4737757054355516,900.4404100199688 
 03/06  13:00:00,29.3,1.5,229.0,211.6,181.0666666666667,686.9,-2.9737757054355427,836.2786539978872 
 03/06  13:10:00,30.0,1.1,148.0,218.1,,693.6,-5.473775705435534,846.7418961368571 
 03/06  13:20:00,30.7,1.9,160.0,214.6,,666.7,-7.97377570543555,815.6240784757209 
 03/06  13:30:00,30.2,2.3,159.0,206.8,,701.5,-10.473775705435543,834.5444294308131 
 03/06  13:40:00,30.2,2.7,181.0,200.7,,719.5,-12.973775705435536,838.512673159461 
 03/06  13:50:00,30.8,1.7,202.0,190.3,,759.3,-15.47377570543555,855.694358229123 
 03/06  14:00:00,29.7,2.0,207.0,172.9,200.5666666666667,812.0,-17.973775705435543,874.8398928238175 
 03/06  14:10:00,30.7,2.7,126.0,159.7,,805.0,-20.473775705435536,844.6624346883402 
 03/06  14:20:00,30.7,2.0,191.0,152.1,,745.6,-22.97377570543555,775.1479048493492 
 03/06  14:30:00,31.0,2.0,194.0,147.5,,805.0,-25.473775705435543,806.5782553518825 
 03/06  14:40:00,31.2,2.2,210.0,144.7,,786.5,-27.973775705435536,774.065702540812 
 03/06  14:50:00,31.4,1.9,210.0,140.1,,805.0,-30.47377570543555,768.0869142444853 
 03/06  15:00:00,30.5,2.6,145.0,133.9,146.33333333333334,822.0,-32.97377570543554,757.3548370222858 
 03/06  15:10:00,32.1,1.7,187.0,128.2,,814.0,-35.473775705435536,726.7428306705456 
 03/06  15:20:00,32.2,2.5,154.0,124.4,,819.0,-37.97377570543555,706.4643052060288 
 03/06  15:30:00,32.8,1.7,191.0,119.8,,814.0,-40.47377570543554,677.1291873507502 
 03/06  15:40:00,32.6,2.6,144.0,116.9,,808.0,-42.973775705435536,647.9945445464712 
 03/06  15:50:00,32.8,2.7,156.0,114.0,,786.1,-45.47377570543555,608.1426692805749 
 03/06  16:00:00,33.3,2.7,138.0,111.1,119.06666666666666,764.2,-47.97377570543554,568.5878159328332 
 03/06  16:10:00,34.0,1.4,147.0,105.9,,743.8,-50.47377570543556,528.00607229592 
 03/06  16:20:00,34.1,2.5,173.0,100.5,,699.1,-52.97377570543553,474.6652095040033 
 03/06  16:30:00,33.7,2.6,133.0,95.5,,694.9,-55.47377570543554,444.2300626980298 
 03/06  16:40:00,33.9,1.9,105.0,91.3,,681.4,-57.97377570543556,409.8269875263658 
 03/06  16:50:00,34.2,1.7,192.0,86.2,,661.7,-60.47377570543553,372.13905059789266 
 03/06  17:00:00,33.8,2.1,232.0,81.4,93.46666666666665,650.5,-62.97377570543554,338.942222128003 
 03/06  17:10:00,34.1,1.3,204.0,75.76,,622.2,-65.47377570543556,299.05982305571854 
 03/06  17:20:00,34.8,0.3,126.0,69.7,,595.0,-67.97377570543553,260.7653581569039 
 03/06  17:30:00,34.4,1.2,137.0,64.25,,541.8,-70.47377570543554,217.40510170727916 
 03/06  17:40:00,34.5,0.6,131.0,58.67,,499.3,-72.97377570543556,180.31987732066767 
 03/06  17:50:00,34.0,1.2,139.0,52.81,,452.4,-75.47377570543553,145.13589212860762 
 03/06  18:00:00,34.0,0.8,193.0,45.11,61.050000000000004,388.5,-77.97377570543554,108.85186015648895 
 03/06  18:10:00,32.9,1.8,163.0,37.02,,297.6,-80.47377570543556,73.83058524136001 
 03/06  18:20:00,32.0,1.5,115.0,28.11,,223.6,-82.97377570543553,46.672466826117414 
 03/06  18:30:00,31.5,0.9,109.0,16.03,,46.49,-85.47377570543554,17.988339580121593 
 03/06  18:40:00,30.4,0.7,136.0,0.0,,0.0,-87.97377570543556,0.0 
 03/06  18:50:00,29.9,0.6,166.0,0.0,,0.0,-90.47377570543553,0.0 
 03/06  19:00:00,29.6,0.0,86.0,0.0,13.526666666666666,0.0,-92.97377570543554,0.0 
 03/06  19:10:00,29.0,0.3,83.0,0.0,,0.0,-95.47377570543556,0.0 
 03/06  19:20:00,28.6,0.2,24.0,0.0,,0.0,-97.97377570543553,0.0 
 03/06  19:30:00,28.0,1.2,176.0,0.0,,0.0,-100.47377570543554,0.0 
 03/06  19:40:00,27.1,2.2,344.0,0.0,,0.0,-102.97377570543556,0.0 
 03/06  19:50:00,26.8,2.5,343.0,0.0,,0.0,-105.47377570543553,0.0 
 03/06  20:00:00,26.4,2.4,344.0,0.0,0.0,0.0,-107.97377570543554,0.0 
 03/06  20:10:00,25.9,2.2,247.0,0.0,,0.0,-110.47377570543556,0.0 
 03/06  20:20:00,25.8,1.2,330.0,0.0,,0.0,-112.97377570543553,0.0 
 03/06  20:30:00,25.9,2.2,249.0,0.0,,0.0,-115.47377570543554,0.0 
 03/06  20:40:00,25.3,1.8,317.0,0.0,,0.0,-117.97377570543556,0.0 
 03/06  20:50:00,25.1,2.2,109.0,0.0,,0.0,-120.47377570543553,0.0 
 03/06  21:00:00,24.8,2.1,336.0,0.0,0.0,0.0,-122.97377570543556,0.0 
 03/06  21:10:00,25.0,1.4,274.0,0.0,,0.0,-125.47377570543556,0.0 
 03/06  21:20:00,25.0,1.0,331.0,0.0,,0.0,-127.97377570543553,0.0 
 03/06  21:30:00,24.5,1.3,339.0,0.0,,0.0,-130.47377570543557,0.0 
 03/06  21:40:00,24.6,1.6,336.0,0.0,,0.0,-132.97377570543557,0.0 
 03/06  21:50:00,23.8,1.9,247.0,0.0,,0.0,-135.47377570543551,0.0 
 03/06  22:00:00,23.8,1.2,307.0,0.0,0.0,0.0,-137.97377570543557,0.0 
 03/06  22:10:00,23.6,1.2,98.0,0.0,,0.0,-140.47377570543557,0.0 
 03/06  22:20:00,23.8,0.8,157.0,0.0,,0.0,-142.97377570543551,0.0 
 03/06  22:30:00,24.4,0.7,29.0,0.0,,0.0,-145.47377570543557,0.0 
 03/06  22:40:00,24.6,1.9,38.0,0.0,,0.0,-147.97377570543557,0.0 
 03/06  22:50:00,24.8,1.4,138.0,0.0,,0.0,-150.47377570543551,0.0 
 03/06  23:00:00,24.2,1.1,326.0,0.0,0.0,0.0,-152.97377570543557,0.0 
 03/06  23:10:00,23.9,0.9,312.0,0.0,,0.0,-155.47377570543557,0.0 
 03/06  23:20:00,23.6,1.1,329.0,0.0,,0.0,-157.97377570543551,0.0 
 03/06  23:30:00,23.2,1.1,107.0,0.0,,0.0,-160.47377570543557,0.0 
 03/06  23:40:00,22.9,0.8,112.0,0.0,,0.0,-162.97377570543557,0.0 
 03/06  23:50:00,22.5,0.3,49.0,0.0,,0.0,-165.47377570543551,0.0 
 03/06  24:00:00,22.5,0.8,53.0,0.0,0.0,0.0,-167.97377570543557,0.0 
 03/07  00:10:00,22.9,1.1,35.0,0.0,,0.0,189.46827026934398,0.0 
 03/07  00:20:00,23.3,1.3,36.0,0.0,,0.0,186.96827026934398,0.0 
 03/07  00:30:00,23.3,1.3,38.0,0.0,,0.0,184.46827026934403,0.0 
 03/07  00:40:00,23.5,1.6,26.0,0.0,,0.0,181.96827026934398,0.0 
 03/07  00:50:00,23.3,0.9,11.0,0.0,,0.0,179.46827026934398,0.0 
 03/07  01:00:00,23.1,0.7,42.0,0.0,0.0,0.0,176.96827026934403,0.0 
 03/07  01:10:00,23.0,1.7,61.0,0.0,,0.0,174.46827026934398,0.0 
 03/07  01:20:00,22.8,0.7,340.0,0.0,,0.0,171.96827026934398,0.0 
 03/07  01:30:00,22.8,1.1,22.0,0.0,,0.0,169.46827026934403,0.0 
 03/07  01:40:00,22.9,1.1,212.0,0.0,,0.0,166.96827026934398,0.0 
 03/07  01:50:00,22.5,1.0,340.0,0.0,,0.0,164.46827026934398,0.0 
 03/07  02:00:00,22.6,1.6,312.0,0.0,0.0,0.0,161.96827026934403,0.0 
 03/07  02:10:00,22.9,2.0,338.0,0.0,,0.0,159.46827026934398,0.0 
 03/07  02:20:00,22.5,2.1,345.0,0.0,,0.0,156.96827026934398,0.0 
 03/07  02:30:00,21.6,2.3,346.0,0.0,,0.0,154.46827026934403,0.0 
 03/07  02:40:00,21.6,2.0,343.0,0.0,,0.0,151.96827026934398,0.0 
 03/07  02:50:00,21.5,2.0,341.0,0.0,,0.0,149.46827026934398,0.0 
 03/07  03:00:00,21.6,1.8,279.0,0.0,0.0,0.0,146.96827026934403,0.0 
 03/07  03:10:00,21.4,1.6,114.0,0.0,,0.0,144.46827026934398,0.0 
 03/07  03:20:00,20.7,1.4,343.0,0.0,,0.0,141.96827026934398,0.0 
 03/07  03:30:00,20.4,2.3,338.0,0.0,,0.0,139.46827026934403,0.0 
 03/07  03:40:00,20.9,2.9,331.0,0.0,,0.0,136.96827026934398,0.0 
 03/07  03:50:00,21.0,2.4,118.0,0.0,,0.0,134.468270269344,0.0 
 03/07  04:00:00,20.9,1.1,29.0,0.0,0.0,0.0,131.968270269344,0.0 
 03/07  04:10:00,20.8,1.5,34.0,0.0,,0.0,129.46827026934398,0.0 
 03/07  04:20:00,20.7,1.2,126.0,0.0,,0.0,126.968270269344,0.0 
 03/07  04:30:00,21.0,0.8,124.0,0.0,,0.0,124.46827026934399,0.0 
 03/07  04:40:00,20.9,0.9,88.0,0.0,,0.0,121.96827026934399,0.0 
 03/07  04:50:00,20.6,0.4,191.0,0.0,,0.0,119.468270269344,0.0 
 03/07  05:00:00,20.5,0.8,204.0,0.0,0.0,0.0,116.96827026934399,0.0 
 03/07  05:10:00,20.8,1.1,243.0,0.0,,0.0,114.46827026934399,0.0 
 03/07  05:20:00,20.6,1.7,312.0,0.0,,0.0,111.968270269344,0.0 
 03/07  05:30:00,20.3,1.9,343.0,0.0,,0.0,109.46827026934399,0.0 
 03/07  05:40:00,20.4,2.0,345.0,0.0,,0.0,106.96827026934399,0.0 
 03/07  05:50:00,19.8,2.2,347.0,0.0,,0.0,104.468270269344,0.0 
 03/07  06:00:00,20.0,2.2,146.0,0.0,0.0,0.0,101.96827026934399,0.0 
 03/07  06:10:00,19.7,2.2,316.0,0.0,,0.0,99.46827026934399,0.0 
 03/07  06:20:00,19.4,2.6,319.0,0.0,,0.0,96.968270269344,0.0 
 03/07  06:30:00,18.8,2.4,303.0,0.0,,0.0,94.46827026934399,0.0 
 03/07  06:40:00,19.1,0.4,180.0,0.0,,0.0,91.96827026934399,0.0 
 03/07  06:50:00,19.5,0.3,319.0,0.0,,0.0,89.468270269344,0.0 
 03/07  07:00:00,19.2,1.4,111.0,2.747,0.4578333333333333,0.208,86.96827026934399,2.7508830897759746 
 03/07  07:10:00,19.3,1.1,333.0,14.35,,3.644,84.46827026934399,14.567366760991266 
 03/07  07:20:00,19.3,1.2,306.0,32.94,,51.32,81.968270269344,38.09558341358929 
 03/07  07:30:00,19.8,0.8,332.0,52.16,,114.6,79.46827026934399,68.32064551200443 
 03/07  07:40:00,19.6,1.4,320.0,65.52,,172.0,76.96827026934399,96.69471205216821 
 03/07  07:50:00,19.8,1.5,302.0,79.5,,217.1,74.468270269344,127.49524914163014 
 03/07  08:00:00,20.2,0.9,289.0,82.2,54.44499999999999,205.3,71.968270269344,135.66427065427754 
 03/07  08:10:00,20.9,1.2,280.0,92.5,,321.3,69.468270269344,188.6364699438002 
 03/07  08:20:00,21.5,1.5,259.0,115.2,,360.7,66.968270269344,236.89032043706948 
 03/07  08:30:00,22.3,1.5,237.0,127.5,,405.0,64.468270269344,279.30728331409534 
 03/07  08:40:00,22.5,2.0,230.0,167.5,,435.1,61.96827026934402,346.55235861141 
 03/07  08:50:00,22.9,2.2,222.0,202.4,,380.6,59.468270269343996,372.66692106492474 
 03/07  09:00:00,22.6,2.8,205.0,206.9,152.0,33.97,56.968270269344,223.28366172033066 
 03/07  09:10:00,23.1,2.5,211.0,209.2,,100.2,54.46827026934402,260.92864671190705 
 03/07  09:20:00,23.2,2.9,223.0,211.5,,123.1,51.968270269343996,279.10256094132967 
 03/07  09:30:00,23.5,2.7,188.0,247.1,,365.2,49.468270269344,459.2727805172408 
 03/07  09:40:00,24.0,2.3,179.0,307.9,,347.7,46.96827026934402,520.5605276095012 
 03/07  09:50:00,24.2,3.0,177.0,279.2,,377.1,44.468270269343996,520.9365075517795 
 03/07  10:00:00,24.5,3.1,160.0,201.7,242.76666666666665,594.3,41.968270269344,599.3944635241373 
 03/07  10:10:00,24.9,2.9,176.0,183.6,,608.4,39.46827026934402,607.0394483544762 
 03/07  10:20:00,25.6,2.3,201.0,187.6,,623.3,36.968270269343996,637.2558285087249 
 03/07  10:30:00,25.1,3.3,173.0,196.6,,623.9,34.468270269344,661.656250357177 
 03/07  10:40:00,25.3,2.5,188.0,204.5,,627.8,31.968270269344018,686.596368696841 
 03/07  10:50:00,25.5,3.2,175.0,211.0,,642.3,29.468270269343996,717.7135497068599 
 03/07  11:00:00,25.7,3.6,221.0,214.1,199.56666666666663,646.4,26.968270269344007,736.6074392971173 
 03/07  11:10:00,26.3,2.1,185.0,215.6,,653.0,24.468270269344018,755.0864967964716 
 03/07  11:20:00,26.2,2.9,145.0,216.6,,664.1,21.968270269343996,776.0150742173046 
 03/07  11:30:00,27.1,1.9,183.0,218.7,,667.8,19.468270269344007,790.9394200251272 
 03/07  11:40:00,27.2,2.4,201.0,221.5,,675.2,16.968270269344018,808.7541937922945 
 03/07  11:50:00,27.4,1.3,177.0,221.7,,686.2,14.468270269343998,826.1595866215196 
 03/07  12:00:00,28.5,1.6,191.0,220.9,219.16666666666666,697.7,11.968270269344007,842.0445188596069 
 03/07  12:10:00,28.0,2.3,154.0,219.2,,707.3,9.468270269344016,854.2954949781354 
 03/07  12:20:00,28.4,0.8,122.0,218.6,,709.7,6.968270269343998,860.0179715570827 
 03/07  12:30:00,28.2,1.2,138.0,220.3,,713.6,4.468270269344007,868.163050730923 
 03/07  12:40:00,30.2,1.3,96.0,223.5,,706.0,1.968270269344016,866.0903235635436 
 03/07  12:50:00,30.2,1.2,90.0,230.7,,679.3,-0.5317297306560018,849.3367196278796 
 03/07  13:00:00,29.5,1.4,87.0,232.4,224.11666666666667,679.0,-3.031729730655993,849.894258355751 
 03/07  13:10:00,28.9,1.7,121.0,233.9,,672.6,-5.531729730655984,843.5086207347896 
 03/07  13:20:00,29.8,1.7,123.0,231.1,,671.5,-8.031729730656004,836.4512354828958 
 03/07  13:30:00,30.2,2.1,178.0,232.9,,666.6,-10.531729730655993,829.4138084940557 
 03/07  13:40:00,30.5,1.8,216.0,236.3,,660.8,-13.031729730655982,822.07708745486 
 03/07  13:50:00,31.3,1.7,227.0,239.1,,659.0,-15.531729730656004,816.5988569379589 
 03/07  14:00:00,30.5,1.9,199.0,247.5,236.79999999999998,648.1,-18.031729730655993,807.7552272649215 
 03/07  14:10:00,30.3,2.7,198.0,273.7,,582.9,-20.531729730655982,769.6808735153211 
 03/07  14:20:00,30.4,3.0,233.0,255.2,,226.3,-23.031729730656004,444.30372970414123 
 03/07  14:30:00,29.7,2.2,185.0,237.1,,118.1,-25.531729730655996,333.79210181000906 
 03/07  14:40:00,29.8,1.8,173.0,207.1,,2.197,-28.031729730655982,208.8580628715603 
 03/07  14:50:00,29.3,2.8,165.0,216.6,,0.175,-30.531729730656004,216.73651889440097 
 03/07  15:00:00,29.4,0.9,273.0,188.8,229.75,0.355,-33.031729730656,189.06925360966292 
 03/07  15:10:00,29.3,1.5,268.0,165.5,,0.232,-35.53172973065598,165.67059205984714 
 03/07  15:20:00,29.0,1.6,286.0,144.6,,0.342,-38.031729730656004,144.84305981975635 
 03/07  15:30:00,28.7,2.7,251.0,166.6,,1.394,-40.531729730656,167.55444335032794 
 03/07  15:40:00,28.1,3.6,109.0,276.9,,19.76,-43.03172973065598,289.88815371316616 
 03/07  15:50:00,28.5,3.2,17.0,269.6,,0.763,-45.531729730656004,270.0796220031308 
 03/07  16:00:00,28.4,2.8,28.0,257.9,213.51666666666665,0.827,-48.031729730656,258.3950829936881 
 03/07  16:10:00,28.6,2.1,25.0,228.8,,0.397,-50.53172973065601,229.02529727171483 
 03/07  16:20:00,29.6,1.5,51.0,280.8,,145.4,-53.031729730655975,358.619512890691 
 03/07  16:30:00,30.5,2.1,16.0,242.4,,248.9,-55.531729730656,367.3084941797951 
 03/07  16:40:00,29.6,3.2,42.0,127.1,,40.28,-58.03172973065601,145.92927363892284 
 03/07  16:50:00,28.3,3.5,240.0,85.7,,0.0,-60.53172973065598,85.7 
 03/07  17:00:00,28.2,2.8,147.0,70.68,172.58,0.0,-63.031729730656,70.68 
 03/07  17:10:00,28.2,1.8,211.0,64.25,,0.001,-65.53172973065601,64.25035888753304 
 03/07  17:20:00,28.3,2.0,24.0,43.25,,0.0,-68.03172973065598,43.25 
 03/07  17:30:00,28.4,1.6,28.0,28.71,,0.007,-70.531729730656,28.711978748084075 
 03/07  17:40:00,28.5,1.7,179.0,21.52,,0.946,-73.03172973065601,21.750484245834873 
 03/07  17:50:00,27.7,4.2,114.0,26.25,,1.076,-75.53172973065598,26.4695903181485 
 03/07  18:00:00,26.7,5.1,81.0,58.91,40.48166666666667,33.67,-78.031729730656,64.4342945468957 
 03/07  18:10:00,26.1,5.1,110.0,74.36,,0.003,-80.53172973065601,74.360371074448 
 03/07  18:20:00,25.7,4.7,78.0,49.67,,0.0,-83.03172973065598,49.67 
 03/07  18:30:00,25.7,4.1,76.0,30.89,,0.0,-85.531729730656,30.89 
 03/07  18:40:00,25.4,4.5,113.0,8.95,,0.0,-88.03172973065601,8.95 
 03/07  18:50:00,25.0,4.2,75.0,0.0,,0.0,-90.53172973065598,0.0 
 03/07  19:00:00,25.1,4.3,14.0,0.0,27.311666666666667,0.0,-93.031729730656,0.0 
 03/07  19:10:00,24.5,4.9,46.0,0.0,,0.0,-95.53172973065601,0.0 
 03/07  19:20:00,24.8,3.9,80.0,0.0,,0.0,-98.03172973065598,0.0 
 03/07  19:30:00,24.8,2.5,102.0,0.0,,0.0,-100.531729730656,0.0 
 03/07  19:40:00,24.9,3.9,69.0,0.0,,0.0,-103.03172973065601,0.0 
 03/07  19:50:00,24.9,2.6,59.0,0.0,,0.0,-105.53172973065598,0.0 
 03/07  20:00:00,24.8,1.4,92.0,0.0,0.0,0.0,-108.031729730656,0.0 
 03/07  20:10:00,24.6,1.4,116.0,0.0,,0.0,-110.53172973065601,0.0 
 03/07  20:20:00,24.5,1.3,81.0,0.0,,0.0,-113.03172973065598,0.0 
 03/07  20:30:00,24.3,0.4,239.0,0.0,,0.0,-115.531729730656,0.0 
 03/07  20:40:00,24.0,0.3,240.0,0.0,,0.0,-118.03172973065601,0.0 
 03/07  20:50:00,24.1,0.4,212.0,0.0,,0.0,-120.53172973065598,0.0 
 03/07  21:00:00,24.1,1.7,228.0,0.0,0.0,0.0,-123.03172973065598,0.0 
 03/07  21:10:00,24.0,1.6,200.0,0.0,,0.0,-125.53172973065601,0.0 
 03/07  21:20:00,23.7,0.5,224.0,0.0,,0.0,-128.03172973065597,0.0 
 03/07  21:30:00,23.4,2.3,222.0,0.0,,0.0,-130.53172973065597,0.0 
 03/07  21:40:00,23.2,2.7,219.0,0.0,,0.0,-133.03172973065602,0.0 
 03/07  21:50:00,23.0,2.4,218.0,0.0,,0.0,-135.53172973065597,0.0 
 03/07  22:00:00,22.9,1.9,188.0,0.0,0.0,0.0,-138.03172973065597,0.0 
 03/07  22:10:00,22.8,1.4,156.0,0.0,,0.0,-140.53172973065602,0.0 
 03/07  22:20:00,22.6,2.4,113.0,0.0,,0.0,-143.03172973065597,0.0 
 03/07  22:30:00,22.4,1.6,105.0,0.0,,0.0,-145.53172973065597,0.0 
 03/07  22:40:00,22.2,1.0,112.0,0.0,,0.0,-148.03172973065602,0.0 
 03/07  22:50:00,22.2,1.5,115.0,0.0,,0.0,-150.53172973065597,0.0 
 03/07  23:00:00,22.2,1.2,130.0,0.0,0.0,0.0,-153.03172973065597,0.0 
 03/07  23:10:00,22.1,1.8,141.0,0.0,,0.0,-155.53172973065602,0.0 
 03/07  23:20:00,21.9,1.9,169.0,0.0,,0.0,-158.03172973065597,0.0 
 03/07  23:30:00,22.0,1.9,174.0,0.0,,0.0,-160.53172973065597,0.0 
 03/07  23:40:00,21.8,2.3,163.0,0.0,,0.0,-163.03172973065602,0.0 
 03/07  23:50:00,21.8,2.4,147.0,0.0,,0.0,-165.53172973065597,0.0 
 03/07  24:00:00,21.7,1.6,138.0,0.0,0.0,0.0,-168.03172973065597,0.0 
 03/08  00:10:00,21.5,1.6,139.0,0.0,,0.0,189.40861415344932,0.0 
 03/08  00:20:00,21.2,0.9,149.0,0.0,,0.0,186.90861415344932,0.0 
 03/08  00:30:00,21.1,1.4,146.0,0.0,,0.0,184.40861415344932,0.0 
 03/08  00:40:00,21.0,0.5,178.0,0.0,,0.0,181.90861415344932,0.0 
 03/08  00:50:00,20.8,0.0,166.0,0.0,,0.0,179.40861415344932,0.0 
 03/08  01:00:00,20.6,0.0,240.0,0.0,0.0,0.0,176.90861415344932,0.0 
 03/08  01:10:00,20.3,0.0,345.0,0.0,,0.0,174.40861415344932,0.0 
 03/08  01:20:00,19.6,1.7,318.0,0.0,,0.0,171.90861415344932,0.0 
 03/08  01:30:00,19.3,1.4,288.0,0.0,,0.0,169.40861415344932,0.0 
 03/08  01:40:00,19.6,1.1,302.0,0.0,,0.0,166.90861415344932,0.0 
 03/08  01:50:00,19.8,1.2,292.0,0.0,,0.0,164.40861415344932,0.0 
 03/08  02:00:00,19.3,2.1,281.0,0.0,0.0,0.0,161.90861415344932,0.0 
 03/08  02:10:00,19.5,2.5,284.0,0.0,,0.0,159.40861415344932,0.0 
 03/08  02:20:00,19.7,2.3,284.0,0.0,,0.0,156.90861415344932,0.0 
 03/08  02:30:00,19.5,2.5,289.0,0.0,,0.0,154.40861415344932,0.0 
 03/08  02:40:00,19.4,2.4,294.0,0.0,,0.0,151.90861415344932,0.0 
 03/08  02:50:00,19.2,2.2,300.0,0.0,,0.0,149.40861415344932,0.0 
 03/08  03:00:00,19.1,1.9,314.0,0.0,0.0,0.0,146.90861415344932,0.0 
 03/08  03:10:00,18.8,2.2,338.0,0.0,,0.0,144.40861415344932,0.0 
 03/08  03:20:00,18.4,2.3,337.0,0.0,,0.0,141.90861415344932,0.0 
 03/08  03:30:00,18.5,2.1,325.0,0.0,,0.0,139.40861415344932,0.0 
 03/08  03:40:00,18.5,2.0,311.0,0.0,,0.0,136.90861415344932,0.0 
 03/08  03:50:00,18.7,1.6,311.0,0.0,,0.0,134.40861415344932,0.0 
 03/08  04:00:00,18.8,1.3,302.0,0.0,0.0,0.0,131.90861415344932,0.0 
 03/08  04:10:00,18.6,1.2,308.0,0.0,,0.0,129.40861415344932,0.0 
 03/08  04:20:00,18.3,1.3,309.0,0.0,,0.0,126.90861415344932,0.0 
 03/08  04:30:00,18.2,1.2,289.0,0.0,,0.0,124.4086141534493,0.0 
 03/08  04:40:00,18.1,1.2,263.0,0.0,,0.0,121.9086141534493,0.0 
 03/08  04:50:00,18.2,0.8,330.0,0.0,,0.0,119.40861415344932,0.0 
 03/08  05:00:00,18.0,1.5,337.0,0.0,0.0,0.0,116.9086141534493,0.0 
 03/08  05:10:00,17.9,2.0,322.0,0.0,,0.0,114.4086141534493,0.0 
 03/08  05:20:00,18.0,2.2,341.0,0.0,,0.0,111.90861415344932,0.0 
 03/08  05:30:00,17.7,2.3,348.0,0.0,,0.0,109.4086141534493,0.0 
 03/08  05:40:00,17.0,2.3,316.0,0.0,,0.0,106.9086141534493,0.0 
 03/08  05:50:00,17.0,2.4,349.0,0.0,,0.0,104.40861415344932,0.0 
 03/08  06:00:00,16.9,2.2,337.0,0.0,0.0,0.0,101.9086141534493,0.0 
 03/08  06:10:00,16.9,3.1,334.0,0.0,,0.0,99.4086141534493,0.0 
 03/08  06:20:00,16.9,3.1,335.0,0.0,,0.0,96.90861415344932,0.0 
 03/08  06:30:00,16.9,2.9,340.0,0.0,,0.0,94.4086141534493,0.0 
 03/08  06:40:00,16.8,2.4,341.0,0.0,,0.0,91.9086141534493,0.0 
 03/08  06:50:00,16.8,2.4,343.0,0.0,,0.0,89.40861415344932,0.0 
 03/08  07:00:00,16.5,2.6,340.0,2.338,0.38966666666666666,0.022,86.9086141534493,2.3384107114186126 
 03/08  07:10:00,16.5,2.5,343.0,10.8,,14.76,84.4086141534493,11.680442753082078 
 03/08  07:20:00,16.6,2.5,343.0,22.83,,74.99,81.90861415344932,30.363460642733063 
 03/08  07:30:00,16.8,2.4,342.0,35.11,,158.5,79.4086141534493,57.461329089465124 
 03/08  07:40:00,17.2,2.3,344.0,46.8,,229.9,76.9086141534493,88.46899012089229 
 03/08  07:50:00,17.5,1.8,337.0,57.46,,295.0,74.40861415344932,122.67694378987053 
 03/08  08:00:00,18.0,1.3,319.0,67.17,40.028333333333336,351.4,71.90861415344932,158.6816644321146 
 03/08  08:10:00,18.7,1.4,335.0,76.1,,404.1,69.40861415344932,197.01113446713245 
 03/08  08:20:00,19.5,0.9,295.0,83.9,,450.1,66.9086141534493,235.75143673059324 
 03/08  08:30:00,20.2,0.7,266.0,91.1,,488.8,64.40861415344932,274.3182718121724 
 03/08  08:40:00,20.4,1.6,251.0,98.3,,525.5,61.90861415344932,314.55376798505165 
 03/08  08:50:00,21.1,0.9,228.0,104.4,,555.5,59.40861415344931,352.9109686063208 
 03/08  09:00:00,21.4,1.1,157.0,110.1,93.98333333333333,588.0,56.908614153449314,393.69120081113965 
 03/08  09:10:00,22.0,1.4,154.0,115.9,,611.2,54.40861415344932,431.4344198634491 
 03/08  09:20:00,22.5,1.3,218.0,121.5,,626.0,51.90861415344931,465.279067012773 
 03/08  09:30:00,22.1,2.3,166.0,125.7,,645.9,49.408614153449314,500.9530091349558 
 03/08  09:40:00,22.3,1.7,149.0,130.2,,664.3,46.90861415344932,536.4996505349199 
 03/08  09:50:00,23.1,1.6,200.0,133.0,,691.8,44.40861415344931,576.4720655643624 
 03/08  10:00:00,23.0,1.6,213.0,137.5,127.3,691.1,41.908614153449314,599.9712161223815 
 03/08  10:10:00,22.7,2.4,232.0,140.2,,712.9,39.40861415344932,636.3702543259469 
 03/08  10:20:00,22.2,1.9,185.0,143.9,,730.0,36.90861415344931,670.5304425017956 
 03/08  10:30:00,23.5,2.5,175.0,147.2,,742.6,34.408614153449314,700.7354568284015 
 03/08  10:40:00,24.3,1.9,178.0,148.1,,763.7,31.90861415344932,734.5558725291137 
 03/08  10:50:00,24.7,2.1,149.0,149.2,,776.6,29.408614153449303,761.863463649926 
 03/08  11:00:00,25.1,1.6,156.0,149.2,146.29999999999998,790.6,26.908614153449314,788.2692783234852 
 03/08  11:10:00,25.8,1.9,125.0,150.2,,798.3,24.40861415344932,809.7284385798212 
 03/08  11:20:00,26.2,1.8,104.0,151.8,,804.0,21.908614153449303,829.0620383537312 
 03/08  11:30:00,26.4,1.9,147.0,153.0,,812.0,19.408614153449314,848.8047455232155 
 03/08  11:40:00,26.4,2.4,97.0,158.7,,807.0,16.90861415344932,860.5870473791197 
 03/08  11:50:00,25.9,2.1,130.0,168.1,,796.0,14.408614153449303,869.2801675178221 
 03/08  12:00:00,26.0,1.8,201.0,176.5,159.71666666666667,793.0,11.908614153449312,882.4876787382375 
 03/08  12:10:00,26.2,3.2,243.0,193.4,,793.3,9.40861415344932,905.716211177937 
 03/08  12:20:00,26.0,1.9,115.0,266.1,,742.9,6.908614153449303,937.5237157527923 
 03/08  12:30:00,27.3,1.5,179.0,306.2,,479.6,4.408614153449312,741.6191691851886 
 03/08  12:40:00,27.9,1.6,175.0,288.0,,555.2,1.9086141534493208,793.3344867457216 
 03/08  12:50:00,28.3,1.8,220.0,280.6,,615.6,-0.5913858465506969,841.2252975164474 
 03/08  13:00:00,27.8,2.5,182.0,212.5,257.8,790.9,-3.091385846550688,931.7580396665147 
 03/08  13:10:00,28.8,0.9,168.0,233.1,,793.0,-5.591385846550679,951.8327330399765 
 03/08  13:20:00,29.6,1.9,121.0,254.8,,772.7,-8.091385846550697,951.3821290508317 
 03/08  13:30:00,29.0,2.5,84.0,242.0,,728.7,-10.591385846550686,894.0846268371114 
 03/08  13:40:00,29.3,2.2,157.0,230.6,,743.7,-13.09138584655068,889.8651633477292 
 03/08  13:50:00,28.7,1.6,178.0,239.1,,741.7,-15.591385846550697,889.0710200165161 
 03/08  14:00:00,30.1,1.7,168.0,246.4,241.0,641.8,-18.091385846550686,801.2091418895642 
 03/08  14:10:00,29.3,1.3,102.0,262.0,,714.5,-20.59138584655068,869.9573410991542 
 03/08  14:20:00,30.8,1.8,144.0,254.7,,658.5,-23.091385846550693,804.9642775527043 
 03/08  14:30:00,30.1,2.7,116.0,242.2,,671.6,-25.591385846550686,792.0595730364278 
 03/08  14:40:00,30.6,2.1,106.0,271.6,,680.3,-28.09138584655068,815.9833279574245 
 03/08  14:50:00,31.0,2.1,165.0,295.0,,681.6,-30.591385846550693,826.7215909925977 
 03/08  15:00:00,31.0,2.2,164.0,309.4,272.48333333333335,550.9,-33.091385846550686,727.2360945444979 
 03/08  15:10:00,30.8,2.1,175.0,329.2,,484.7,-35.59138584655068,685.6050491720066 
 03/08  15:20:00,31.3,2.0,161.0,260.0,,597.6,-38.09138584655069,684.7150534690145 
 03/08  15:30:00,31.3,2.0,139.0,274.2,,592.2,-40.591385846550686,679.6672539915409 
 03/08  15:40:00,31.7,1.5,196.0,318.9,,481.4,-43.09138584655068,635.3219229513257 
 03/08  15:50:00,31.7,1.8,127.0,290.7,,522.8,-45.59138584655069,619.332219183163 
 03/08  16:00:00,31.9,2.3,111.0,236.8,284.9666666666667,543.9,-48.091385846550686,562.4053691257105 
 03/08  16:10:00,31.7,1.1,98.0,232.7,,190.9,-50.59138584655071,341.03564022760304 
 03/08  16:20:00,31.1,1.6,131.0,198.2,,366.7,-53.091385846550644,394.4614537621485 
 03/08  16:30:00,32.2,1.5,106.0,188.0,,475.4,-55.591385846550665,426.57572572549054 
 03/08  16:40:00,32.5,1.9,80.0,214.3,,458.0,-58.09138584655068,428.39650761237976 
 03/08  16:50:00,31.2,2.0,123.0,204.6,,441.8,-60.59138584655064,395.51411901790686 
 03/08  17:00:00,31.2,1.7,115.0,179.2,202.83333333333334,350.9,-63.091385846550665,318.1263116751979 
 03/08  17:10:00,32.5,1.1,134.0,172.7,,412.6,-65.59138584655068,320.7769961311306 
 03/08  17:20:00,32.5,1.9,124.0,165.4,,392.5,-68.09138584655064,291.43891273375596 
 03/08  17:30:00,32.5,1.3,88.0,157.1,,344.1,-70.59138584655066,254.3696022470926 
 03/08  17:40:00,31.7,1.1,91.0,116.5,,278.0,-73.09138584655068,184.23215680982497 
 03/08  17:50:00,30.9,1.3,89.0,89.6,,171.0,-75.59138584655064,124.49771784702011 
 03/08  18:00:00,30.8,0.7,120.0,72.96,129.04333333333335,215.0,-78.09138584655066,108.23541810462063 
 03/08  18:10:00,30.6,1.0,96.0,56.52,,168.4,-80.59138584655068,77.34964568093088 
 03/08  18:20:00,30.0,1.1,63.0,36.8,,32.75,-83.09138584655064,39.51878706867328 
 03/08  18:30:00,29.3,0.3,78.0,20.47,,0.139,-85.59138584655066,20.47585522051273 
 03/08  18:40:00,29.2,0.0,68.0,7.053,,0.0,-88.09138584655068,7.053 
 03/08  18:50:00,29.0,0.1,68.0,0.0,,0.0,-90.59138584655064,0.0 
 03/08  19:00:00,28.8,0.4,89.0,0.0,20.1405,0.0,-93.09138584655066,0.0 
 03/08  19:10:00,28.4,0.9,14.0,0.0,,0.0,-95.59138584655068,0.0 
 03/08  19:20:00,28.0,1.3,251.0,0.0,,0.0,-98.09138584655064,0.0 
 03/08  19:30:00,27.8,1.3,339.0,0.0,,0.0,-100.59138584655066,0.0 
 03/08  19:40:00,27.8,1.6,343.0,0.0,,0.0,-103.09138584655068,0.0 
 03/08  19:50:00,27.1,2.5,343.0,0.0,,0.0,-105.59138584655064,0.0 
 03/08  20:00:00,26.5,2.2,342.0,0.0,0.0,0.0,-108.09138584655066,0.0 
 03/08  20:10:00,26.2,1.9,300.0,0.0,,0.0,-110.59138584655068,0.0 
 03/08  20:20:00,26.0,1.0,279.0,0.0,,0.0,-113.09138584655064,0.0 
 03/08  20:30:00,26.2,0.0,328.0,0.0,,0.0,-115.59138584655066,0.0 
 03/08  20:40:00,26.2,1.2,296.0,0.0,,0.0,-118.09138584655068,0.0 
 03/08  20:50:00,26.1,0.6,75.0,0.0,,0.0,-120.59138584655064,0.0 
 03/08  21:00:00,26.1,0.0,204.0,0.0,0.0,0.0,-123.09138584655066,0.0 
 03/08  21:10:00,26.0,0.3,293.0,0.0,,0.0,-125.59138584655066,0.0 
 03/08  21:20:00,26.0,0.6,316.0,0.0,,0.0,-128.09138584655062,0.0 
 03/08  21:30:00,26.0,0.4,315.0,0.0,,0.0,-130.59138584655068,0.0 
 03/08  21:40:00,25.7,1.1,232.0,0.0,,0.0,-133.09138584655068,0.0 
 03/08  21:50:00,25.2,0.8,181.0,0.0,,0.0,-135.59138584655062,0.0 
 03/08  22:00:00,25.2,0.0,71.0,0.0,0.0,0.0,-138.09138584655068,0.0 
 03/08  22:10:00,25.1,0.0,13.0,0.0,,0.0,-140.59138584655068,0.0 
 03/08  22:20:00,24.5,1.2,245.0,0.0,,0.0,-143.09138584655062,0.0 
 03/08  22:30:00,24.1,1.9,347.0,0.0,,0.0,-145.59138584655068,0.0 
 03/08  22:40:00,24.2,2.0,355.0,0.0,,0.0,-148.09138584655068,0.0 
 03/08  22:50:00,24.1,1.5,346.0,0.0,,0.0,-150.59138584655062,0.0 
 03/08  23:00:00,23.9,1.9,218.0,0.0,0.0,0.0,-153.09138584655068,0.0 
 03/08  23:10:00,24.0,1.8,100.0,0.0,,0.0,-155.59138584655068,0.0 
 03/08  23:20:00,24.1,0.4,214.0,0.0,,0.0,-158.09138584655062,0.0 
 03/08  23:30:00,23.9,0.6,154.0,0.0,,0.0,-160.59138584655068,0.0 
 03/08  23:40:00,24.0,0.3,346.0,0.0,,0.0,-163.09138584655068,0.0 
 03/08  23:50:00,23.5,1.1,184.0,0.0,,0.0,-165.59138584655062,0.0 
 03/08  24:00:00,23.5,1.1,112.0,0.0,0.0,0.0,-168.09138584655068,0.0 
 03/09  00:10:00,23.4,0.4,72.0,0.0,,0.0,189.34733869651984,0.0 
 03/09  00:20:00,23.0,0.0,49.0,0.0,,0.0,186.84733869651984,0.0 
 03/09  00:30:00,23.0,1.0,49.0,0.0,,0.0,184.34733869651984,0.0 
 03/09  00:40:00,22.8,0.9,42.0,0.0,,0.0,181.84733869651984,0.0 
 03/09  00:50:00,23.1,1.0,36.0,0.0,,0.0,179.34733869651984,0.0 
 03/09  01:00:00,23.2,1.0,35.0,0.0,0.0,0.0,176.84733869651984,0.0 
 03/09  01:10:00,23.2,0.3,113.0,0.0,,0.0,174.34733869651984,0.0 
 03/09  01:20:00,23.0,1.5,16.0,0.0,,0.0,171.84733869651984,0.0 
 03/09  01:30:00,22.7,1.4,17.0,0.0,,0.0,169.34733869651984,0.0 
 03/09  01:40:00,22.9,0.8,9.0,0.0,,0.0,166.84733869651984,0.0 
 03/09  01:50:00,22.8,1.4,45.0,0.0,,0.0,164.34733869651984,0.0 
 03/09  02:00:00,22.8,1.5,15.0,0.0,0.0,0.0,161.84733869651984,0.0 
 03/09  02:10:00,22.9,1.4,79.0,0.0,,0.0,159.34733869651984,0.0 
 03/09  02:20:00,22.9,1.4,113.0,0.0,,0.0,156.84733869651984,0.0 
 03/09  02:30:00,22.8,1.1,216.0,0.0,,0.0,154.34733869651978,0.0 
 03/09  02:40:00,22.6,1.0,218.0,0.0,,0.0,151.84733869651984,0.0 
 03/09  02:50:00,22.2,0.4,239.0,0.0,,0.0,149.34733869651984,0.0 
 03/09  03:00:00,22.2,1.0,253.0,0.0,0.0,0.0,146.84733869651978,0.0 
 03/09  03:10:00,22.2,0.9,233.0,0.0,,0.0,144.34733869651984,0.0 
 03/09  03:20:00,22.1,1.3,228.0,0.0,,0.0,141.84733869651984,0.0 
 03/09  03:30:00,21.9,0.3,123.0,0.0,,0.0,139.34733869651978,0.0 
 03/09  03:40:00,21.7,0.1,94.0,0.0,,0.0,136.8473386965198,0.0 
 03/09  03:50:00,21.4,0.0,80.0,0.0,,0.0,134.34733869651984,0.0 
 03/09  04:00:00,21.0,0.6,76.0,0.0,0.0,0.0,131.84733869651978,0.0 
 03/09  04:10:00,20.5,1.3,39.0,0.0,,0.0,129.3473386965198,0.0 
 03/09  04:20:00,20.6,1.0,343.0,0.0,,0.0,126.84733869651983,0.0 
 03/09  04:30:00,20.3,2.1,279.0,0.0,,0.0,124.34733869651981,0.0 
 03/09  04:40:00,20.0,2.4,311.0,0.0,,0.0,121.84733869651981,0.0 
 03/09  04:50:00,20.1,2.0,328.0,0.0,,0.0,119.34733869651983,0.0 
 03/09  05:00:00,20.8,1.8,336.0,0.0,0.0,0.0,116.84733869651981,0.0 
 03/09  05:10:00,20.5,1.4,306.0,0.0,,0.0,114.34733869651981,0.0 
 03/09  05:20:00,20.5,1.0,317.0,0.0,,0.0,111.84733869651983,0.0 
 03/09  05:30:00,19.9,1.2,279.0,0.0,,0.0,109.34733869651981,0.0 
 03/09  05:40:00,19.6,1.5,45.0,0.0,,0.0,106.84733869651981,0.0 
 03/09  05:50:00,19.3,1.7,147.0,0.0,,0.0,104.34733869651983,0.0 
 03/09  06:00:00,19.3,1.8,277.0,0.0,0.0,0.0,101.84733869651981,0.0 
 03/09  06:10:00,19.6,1.3,100.0,0.0,,0.0,99.34733869651981,0.0 
 03/09  06:20:00,19.7,0.3,27.0,0.0,,0.0,96.84733869651983,0.0 
 03/09  06:30:00,19.7,0.5,81.0,0.0,,0.0,94.34733869651981,0.0 
 03/09  06:40:00,19.6,0.6,212.0,0.0,,0.0,91.84733869651981,0.0 
 03/09  06:50:00,19.0,1.4,282.0,0.0,,0.0,89.34733869651983,0.0 
 03/09  07:00:00,19.1,2.0,347.0,2.5,0.4166666666666667,0.388,86.84733869651981,2.5072434559282604 
 03/09  07:10:00,18.9,2.5,346.0,10.56,,9.54,84.34733869651981,11.129066657479878 
 03/09  07:20:00,18.8,2.6,353.0,22.04,,72.96,81.84733869651983,29.369527783621876 
 03/09  07:30:00,18.7,2.1,283.0,34.03,,141.9,79.34733869651981,54.040432793659946 
 03/09  07:40:00,18.7,1.7,146.0,45.49,,208.2,76.84733869651981,83.22590144919431 
 03/09  07:50:00,19.1,1.6,17.0,56.44,,276.1,74.34733869651983,117.47863789960425 
 03/09  08:00:00,20.0,0.9,32.0,66.41,39.16166666666667,336.9,71.84733869651981,154.14557127825668 
 03/09  08:10:00,20.8,0.6,37.0,75.21,,391.9,69.34733869651983,192.47076119195546 
 03/09  08:20:00,22.1,0.2,85.0,82.4,,439.7,66.84733869651983,230.7427610096464 
 03/09  08:30:00,22.8,0.6,108.0,88.7,,489.3,64.34733869651984,272.10568821132557 
 03/09  08:40:00,23.7,0.1,152.0,93.9,,531.6,61.84733869651984,312.6640400777421 
 03/09  08:50:00,24.0,0.6,160.0,98.0,,562.6,59.34733869651983,349.6872564138904 
 03/09  09:00:00,24.2,1.2,138.0,101.8,90.00166666666667,608.1,56.847338696519834,395.0853898184593 
 03/09  09:10:00,24.6,1.0,131.0,105.3,,649.1,54.34733869651984,440.4004449171544 
 03/09  09:20:00,25.0,0.9,146.0,108.7,,671.4,51.84733869651983,477.4112868887792 
 03/09  09:30:00,25.3,1.4,147.0,113.4,,683.4,49.347338696519834,510.4396445933253 
 03/09  09:40:00,25.0,1.9,160.0,117.9,,705.8,46.84733869651984,549.5819108046762 
 03/09  09:50:00,26.0,0.7,171.0,121.9,,724.5,44.34733869651983,586.3341016209606 
 03/09  10:00:00,25.9,1.6,184.0,124.9,115.34999999999998,737.5,41.847338696519834,618.4212297645151 
 03/09  10:10:00,26.7,0.5,156.0,126.1,,757.2,39.34733869651984,653.1025481492595 
 03/09  10:20:00,25.6,2.4,123.0,129.2,,768.8,36.84733869651983,683.8212112265485 
 03/09  10:30:00,26.1,1.2,160.0,131.4,,783.5,34.347338696519834,715.4223948627155 
 03/09  10:40:00,26.8,1.5,170.0,133.6,,795.4,31.84733869651984,744.3987442839557 
 03/09  10:50:00,26.7,1.5,154.0,134.5,,807.0,29.347338696519824,771.1461694121688 
 03/09  11:00:00,26.3,1.3,109.0,135.2,131.66666666666666,819.0,26.847338696519834,797.2259789361681 
 03/09  11:10:00,26.9,1.8,148.0,136.8,,829.0,24.34733869651984,821.691739424617 
 03/09  11:20:00,27.5,1.7,172.0,137.6,,836.0,21.847338696519824,841.8177413727852 
 03/09  11:30:00,27.6,1.5,230.0,139.0,,835.0,19.347338696519834,854.5135006304001 
 03/09  11:40:00,26.7,1.8,132.0,139.7,,845.0,16.84733869651984,874.6374907501315 
 03/09  11:50:00,27.0,2.1,110.0,139.4,,853.0,14.347338696519824,890.7903051415857 
 03/09  12:00:00,28.0,1.8,93.0,140.3,138.79999999999998,861.0,11.847338696519833,906.8263447586664 
 03/09  12:10:00,28.6,2.1,114.0,141.2,,860.0,9.347338696519842,913.4071619980157 
 03/09  12:20:00,27.2,1.6,147.0,142.7,,858.0,6.847338696519824,918.1496542144241 
 03/09  12:30:00,29.1,2.2,94.0,144.5,,856.0,4.347338696519833,921.6451393296946 
 03/09  12:40:00,29.5,1.5,130.0,145.0,,856.0,1.8473386965198415,924.1180127059396 
 03/09  12:50:00,28.6,1.7,167.0,146.6,,853.0,-0.6526613034801763,923.424851821848 
 03/09  13:00:00,29.5,2.9,141.0,152.4,145.4,846.0,-3.1526613034801674,921.7669257274895 
 03/09  13:10:00,29.8,1.9,172.0,159.2,,833.0,-5.6526613034801585,914.1865909486764 
 03/09  13:20:00,29.3,2.5,101.0,175.7,,809.0,-8.152661303480176,905.0062539175915 
 03/09  13:30:00,29.9,2.7,53.0,194.9,,790.4,-10.652661303480166,902.1975011006625 
 03/09  13:40:00,29.6,1.5,128.0,243.2,,750.2,-13.152661303480158,908.2271958363135 
 03/09  13:50:00,29.9,1.3,128.0,329.3,,467.6,-15.652661303480176,739.0700538758567 
 03/09  14:00:00,31.0,1.9,157.0,337.2,239.91666666666666,600.2,-18.152661303480166,856.047689252285 
 03/09  14:10:00,31.6,3.2,210.0,326.6,,633.4,-20.65266130348016,865.550566623099 
 03/09  14:20:00,30.9,3.4,200.0,269.9,,720.5,-23.152661303480173,871.9735185675376 
 03/09  14:30:00,30.0,2.6,177.0,241.5,,681.6,-25.652661303480166,799.5468805563269 
 03/09  14:40:00,30.9,3.1,222.0,241.2,,693.4,-28.15266130348016,796.0660879107427 
 03/09  14:50:00,30.9,2.3,232.0,212.6,,726.3,-30.652661303480173,779.1924171624468 
 03/09  15:00:00,30.6,3.6,161.0,215.8,251.26666666666665,627.6,-33.152661303480166,691.8100434491321 
 03/09  15:10:00,31.5,1.9,192.0,241.2,,627.2,-35.65266130348016,702.3868100694916 
 03/09  15:20:00,31.8,2.5,193.0,243.8,,375.2,-38.15266130348017,510.4551005046423 
 03/09  15:30:00,32.0,2.0,168.0,194.8,,676.9,-40.652661303480166,658.2596153780378 
 03/09  15:40:00,31.4,3.6,176.0,177.8,,160.8,-43.15266130348016,283.49307272657495 
 03/09  15:50:00,31.3,2.6,195.0,187.5,,496.8,-45.65266130348017,499.7886122612767 
 03/09  16:00:00,32.0,0.9,268.0,181.7,204.46666666666667,355.5,-48.152661303480166,394.5198358598825 
 03/09  16:10:00,31.4,2.6,197.0,180.4,,316.0,-50.65266130348019,359.729818291894 
 03/09  16:20:00,30.9,1.5,223.0,152.0,,237.7,-53.15266130348017,279.21938249049003 
 03/09  16:30:00,31.9,1.4,174.0,150.5,,274.9,-55.6526613034802,288.4563883086608 
 03/09  16:40:00,31.6,3.3,173.0,152.3,,344.9,-58.152661303480215,313.52682418233576 
 03/09  16:50:00,31.9,3.2,180.0,131.7,,513.2,-60.65266130348017,353.46805314619695 
 03/09  17:00:00,32.2,3.5,179.0,120.0,147.8166666666667,510.3,-63.1526613034802,322.03504373853946 
 03/09  17:10:00,32.2,2.9,213.0,108.4,,487.7,-65.65266130348022,283.429449862221 
 03/09  17:20:00,31.8,3.2,196.0,95.7,,429.4,-68.15266130348017,233.58817612197402 
 03/09  17:30:00,31.9,3.4,195.0,88.7,,416.1,-70.6526613034802,206.3224396832759 
 03/09  17:40:00,31.6,3.5,180.0,81.2,,378.0,-73.15266130348022,173.29624199321523 
 03/09  17:50:00,31.8,2.4,177.0,72.77,,336.1,-75.65266130348017,141.3613623882074 
 03/09  18:00:00,31.4,3.7,204.0,62.46,84.87166666666666,306.7,-78.1526613034802,112.78079410552164 
 03/09  18:10:00,30.8,3.4,196.0,47.66,,73.6,-80.65266130348022,56.76369312420731 
 03/09  18:20:00,30.5,3.1,194.0,35.43,,150.0,-83.15266130348017,47.882459856518835 
 03/09  18:30:00,30.3,3.5,192.0,24.59,,118.4,-85.6526613034802,29.57746840796723 
 03/09  18:40:00,29.8,3.5,184.0,13.14,,7.787,-88.15266130348022,13.14850178816434 
 03/09  18:50:00,29.5,3.4,183.0,0.0,,0.0,-90.65266130348017,0.0 
 03/09  19:00:00,29.1,3.5,197.0,0.0,20.136666666666667,0.0,-93.1526613034802,0.0 
 03/09  19:10:00,29.0,4.2,206.0,0.0,,0.0,-95.65266130348022,0.0 
 03/09  19:20:00,28.8,3.7,215.0,0.0,,0.0,-98.15266130348017,0.0 
 03/09  19:30:00,28.6,4.1,229.0,0.0,,0.0,-100.6526613034802,0.0 
 03/09  19:40:00,28.4,4.3,238.0,0.0,,0.0,-103.15266130348022,0.0 
 03/09  19:50:00,28.2,4.7,238.0,0.0,,0.0,-105.65266130348017,0.0 
 03/09  20:00:00,28.0,4.0,245.0,0.0,0.0,0.0,-108.1526613034802,0.0 
 03/09  20:10:00,27.8,3.6,254.0,0.0,,0.0,-110.65266130348022,0.0 
 03/09  20:20:00,27.6,2.8,259.0,0.0,,0.0,-113.15266130348017,0.0 
 03/09  20:30:00,27.4,2.5,285.0,0.0,,0.0,-115.6526613034802,0.0 
 03/09  20:40:00,27.1,1.5,212.0,0.0,,0.0,-118.15266130348022,0.0 
 03/09  20:50:00,26.7,1.4,113.0,0.0,,0.0,-120.65266130348017,0.0 
 03/09  21:00:00,26.0,0.9,36.0,0.0,0.0,0.0,-123.1526613034802,0.0 
 03/09  21:10:00,25.7,0.2,23.0,0.0,,0.0,-125.6526613034802,0.0 
 03/09  21:20:00,25.1,1.2,218.0,0.0,,0.0,-128.15266130348016,0.0 
 03/09  21:30:00,25.0,0.7,273.0,0.0,,0.0,-130.65266130348022,0.0 
 03/09  21:40:00,24.9,0.7,344.0,0.0,,0.0,-133.15266130348022,0.0 
 03/09  21:50:00,23.9,2.4,330.0,0.0,,0.0,-135.65266130348016,0.0 
 03/09  22:00:00,23.8,2.0,332.0,0.0,0.0,0.0,-138.15266130348022,0.0 
 03/09  22:10:00,24.3,2.3,152.0,0.0,,0.0,-140.65266130348022,0.0 
 03/09  22:20:00,24.4,1.7,34.0,0.0,,0.0,-143.15266130348016,0.0 
 03/09  22:30:00,24.3,0.5,35.0,0.0,,0.0,-145.65266130348022,0.0 
 03/09  22:40:00,24.4,0.6,90.0,0.0,,0.0,-148.15266130348022,0.0 
 03/09  22:50:00,24.1,0.0,65.0,0.0,,0.0,-150.65266130348016,0.0 
 03/09  23:00:00,23.7,0.0,95.0,0.0,0.0,0.0,-153.15266130348022,0.0 
 03/09  23:10:00,23.7,0.3,59.0,0.0,,0.0,-155.65266130348022,0.0 
 03/09  23:20:00,23.4,0.8,64.0,0.0,,0.0,-158.15266130348016,0.0 
 03/09  23:30:00,23.7,1.1,71.0,0.0,,0.0,-160.65266130348022,0.0 
 03/09  23:40:00,23.8,0.4,50.0,0.0,,0.0,-163.15266130348022,0.0 
 03/09  23:50:00,23.7,0.8,59.0,0.0,,0.0,-165.65266130348016,0.0 
 03/09  24:00:00,23.4,0.3,59.0,0.0,0.0,0.0,-168.15266130348022,0.0 
 03/10  00:10:00,23.4,0.8,43.0,0.0,,0.0,189.28452727454737,0.0 
 03/10  00:20:00,23.4,0.7,40.0,0.0,,0.0,186.78452727454737,0.0 
 03/10  00:30:00,23.0,0.6,27.0,0.0,,0.0,184.28452727454737,0.0 
 03/10  00:40:00,22.9,0.9,26.0,0.0,,0.0,181.78452727454737,0.0 
 03/10  00:50:00,22.6,1.0,29.0,0.0,,0.0,179.28452727454737,0.0 
 03/10  01:00:00,22.4,1.3,21.0,0.0,0.0,0.0,176.78452727454737,0.0 
 03/10  01:10:00,22.5,1.4,14.0,0.0,,0.0,174.28452727454737,0.0 
 03/10  01:20:00,22.4,1.5,15.0,0.0,,0.0,171.78452727454737,0.0 
 03/10  01:30:00,22.3,1.7,18.0,0.0,,0.0,169.28452727454737,0.0 
 03/10  01:40:00,22.2,1.5,19.0,0.0,,0.0,166.78452727454737,0.0 
 03/10  01:50:00,22.2,1.7,21.0,0.0,,0.0,164.28452727454737,0.0 
 03/10  02:00:00,22.0,1.8,18.0,0.0,0.0,0.0,161.78452727454737,0.0 
 03/10  02:10:00,21.9,1.4,176.0,0.0,,0.0,159.28452727454737,0.0 
 03/10  02:20:00,21.6,1.4,312.0,0.0,,0.0,156.78452727454737,0.0 
 03/10  02:30:00,21.6,2.0,113.0,0.0,,0.0,154.28452727454737,0.0 
 03/10  02:40:00,21.5,1.8,12.0,0.0,,0.0,151.78452727454737,0.0 
 03/10  02:50:00,21.4,1.5,26.0,0.0,,0.0,149.28452727454737,0.0 
 03/10  03:00:00,21.4,0.9,32.0,0.0,0.0,0.0,146.78452727454737,0.0 
 03/10  03:10:00,21.5,1.1,29.0,0.0,,0.0,144.28452727454737,0.0 
 03/10  03:20:00,21.5,2.0,215.0,0.0,,0.0,141.78452727454737,0.0 
 03/10  03:30:00,21.3,1.3,43.0,0.0,,0.0,139.28452727454737,0.0 
 03/10  03:40:00,21.4,1.4,282.0,0.0,,0.0,136.78452727454737,0.0 
 03/10  03:50:00,21.0,1.6,182.0,0.0,,0.0,134.28452727454737,0.0 
 03/10  04:00:00,20.7,1.9,147.0,0.0,0.0,0.0,131.78452727454737,0.0 
 03/10  04:10:00,20.5,1.6,333.0,0.0,,0.0,129.28452727454737,0.0 
 03/10  04:20:00,20.9,1.8,342.0,0.0,,0.0,126.78452727454737,0.0 
 03/10  04:30:00,20.6,1.5,327.0,0.0,,0.0,124.28452727454736,0.0 
 03/10  04:40:00,20.4,1.7,323.0,0.0,,0.0,121.78452727454737,0.0 
 03/10  04:50:00,20.2,1.8,342.0,0.0,,0.0,119.28452727454737,0.0 
 03/10  05:00:00,19.6,1.8,340.0,0.0,0.0,0.0,116.78452727454736,0.0 
 03/10  05:10:00,19.0,1.4,345.0,0.0,,0.0,114.28452727454737,0.0 
 03/10  05:20:00,19.2,0.7,211.0,0.0,,0.0,111.78452727454737,0.0 
 03/10  05:30:00,19.3,0.9,80.0,0.0,,0.0,109.28452727454736,0.0 
 03/10  05:40:00,19.6,1.2,121.0,0.0,,0.0,106.78452727454737,0.0 
 03/10  05:50:00,19.5,1.4,281.0,0.0,,0.0,104.28452727454737,0.0 
 03/10  06:00:00,19.3,2.1,247.0,0.0,0.0,0.0,101.78452727454736,0.0 
 03/10  06:10:00,19.0,2.2,354.0,0.0,,0.0,99.28452727454737,0.0 
 03/10  06:20:00,18.7,2.0,341.0,0.0,,0.0,96.78452727454737,0.0 
 03/10  06:30:00,18.6,2.3,342.0,0.0,,0.0,94.28452727454736,0.0 
 03/10  06:40:00,18.8,1.8,334.0,0.0,,0.0,91.78452727454737,0.0 
 03/10  06:50:00,19.1,1.5,340.0,0.0,,0.0,89.28452727454737,0.0 
 03/10  07:00:00,18.8,1.7,334.0,2.75,0.4583333333333333,0.181,86.78452727454736,2.7533790348531317 
 03/10  07:10:00,18.2,1.6,344.0,10.64,,13.73,84.28452727454737,11.459002642264018 
 03/10  07:20:00,18.5,1.6,328.0,20.91,,153.9,81.78452727454737,36.37072266857739 
 03/10  07:30:00,18.3,2.1,329.0,30.38,,257.2,79.28452727454736,66.64979080006582 
 03/10  07:40:00,18.9,1.5,330.0,39.01,,347.5,76.78452727454737,101.99379324493287 
 03/10  07:50:00,19.7,1.7,333.0,46.2,,426.4,74.28452727454737,140.46611807457896 
 03/10  08:00:00,20.0,1.5,237.0,52.47,33.26833333333333,489.6,71.78452727454736,179.97173849164287 
 03/10  08:10:00,20.9,0.9,212.0,57.82,,545.4,69.28452727454737,221.0096380558625 
 03/10  08:20:00,22.1,0.0,176.0,62.36,,586.8,66.78452727454734,260.33028010111553 
 03/10  08:30:00,23.5,0.0,125.0,66.7,,624.8,64.28452727454736,300.89553238184385 
 03/10  08:40:00,25.0,0.1,173.0,71.31,,654.2,61.78452727454737,340.5263939406675 
 03/10  08:50:00,25.4,0.4,160.0,75.98,,686.8,59.28452727454735,383.22992482236026 
 03/10  09:00:00,25.1,1.1,162.0,78.24,68.735,722.8,56.78452727454736,426.84496589505403 
 03/10  09:10:00,25.2,1.3,145.0,81.2,,739.9,54.28452727454737,463.1763044125751 
 03/10  09:20:00,25.4,1.0,164.0,84.3,,763.6,51.78452727454735,503.64456161494167 
 03/10  09:30:00,25.3,1.8,180.0,87.2,,778.0,49.28452727454736,539.2000636429719 
 03/10  09:40:00,26.2,0.7,152.0,89.5,,800.0,46.78452727454737,578.7965835133764 
 03/10  09:50:00,26.8,0.9,147.0,91.7,,811.0,44.28452727454735,611.584135837956 
 03/10  10:00:00,26.6,1.1,159.0,94.1,88.0,823.0,41.78452727454736,644.8362333507743 
 03/10  10:10:00,27.1,1.6,189.0,96.7,,835.0,39.28452727454737,677.8504591978759 
 03/10  10:20:00,27.0,1.3,157.0,98.9,,845.0,36.78452727454735,708.4927724849553 
 03/10  10:30:00,27.3,1.7,130.0,100.2,,857.0,34.28452727454736,739.0094350955293 
 03/10  10:40:00,28.1,1.6,156.0,101.4,,869.0,31.78452727454737,768.7172099355764 
 03/10  10:50:00,28.4,1.4,173.0,102.0,,883.0,29.28452727454735,798.6029338177757 
 03/10  11:00:00,28.9,0.9,168.0,103.4,100.43333333333334,886.0,26.784527274547358,819.5843923534125 
 03/10  11:10:00,28.9,1.6,193.0,104.5,,895.0,24.28452727454737,843.9187054101716 
 03/10  11:20:00,28.8,1.2,132.0,105.1,,900.0,21.78452727454735,863.2291474108931 
 03/10  11:30:00,29.0,1.6,152.0,106.6,,902.0,19.284527274547358,879.5259611600251 
 03/10  11:40:00,29.1,1.3,243.0,108.6,,898.0,16.78452727454737,889.6341617675954 
 03/10  11:50:00,29.0,2.0,115.0,112.0,,894.0,14.28452727454735,899.5063690463982 
 03/10  12:00:00,29.3,1.5,113.0,110.9,107.94999999999999,905.0,11.78452727454736,916.5984227718851 
 03/10  12:10:00,30.3,1.1,124.0,111.5,,911.0,9.284527274547369,929.5008425351074 
 03/10  12:20:00,31.3,1.3,115.0,112.8,,910.0,6.784527274547351,935.2466029546923 
 03/10  12:30:00,31.1,1.1,235.0,113.7,,906.0,4.28452727454736,936.2391311129712 
 03/10  12:40:00,30.3,0.6,131.0,117.0,,895.0,1.7845272745473686,931.6152118829626 
 03/10  12:50:00,31.5,1.5,266.0,122.6,,890.0,-0.7154727254526492,933.1206543041557 
 03/10  13:00:00,30.7,1.7,154.0,126.3,117.31666666666666,886.0,-3.2154727254526403,932.0436125231155 
 03/10  13:10:00,31.0,1.1,183.0,133.5,,867.0,-5.715472725452631,919.3023701710713 
 03/10  13:20:00,32.0,1.9,130.0,140.2,,858.0,-8.21547272545265,913.6793150325011 
 03/10  13:30:00,31.1,2.2,150.0,145.9,,860.0,-10.715472725452642,915.4797709344253 
 03/10  13:40:00,31.9,1.4,176.0,164.8,,852.0,-13.215472725452631,920.0694892729127 
 03/10  13:50:00,32.4,1.9,185.0,223.4,,782.0,-15.71547272545265,908.686959219247 
 03/10  14:00:00,32.6,2.2,198.0,251.3,176.51666666666668,624.7,-18.215472725452642,791.3269101564517 
 03/10  14:10:00,31.9,1.2,141.0,204.7,,256.2,-20.71547272545263,422.69674008341957 
 03/10  14:20:00,33.3,1.2,185.0,219.8,,767.0,-23.21547272545265,860.7304493286626 
 03/10  14:30:00,33.7,2.0,181.0,223.1,,776.0,-25.715472725452642,858.435063544175 
 03/10  14:40:00,33.4,1.7,170.0,239.1,,513.2,-28.215472725452628,649.7681227513601 
 03/10  14:50:00,32.8,1.1,127.0,206.9,,507.5,-30.71547272545265,602.8047937628277 
 03/10  15:00:00,34.1,2.2,112.0,209.1,217.11666666666667,715.2,-33.21547272545264,751.5512158617262 
 03/10  15:10:00,34.2,1.9,178.0,196.9,,711.0,-35.71547272545263,719.7058385832406 
 03/10  15:20:00,34.1,1.9,130.0,203.6,,641.0,-38.21547272545265,659.1594867363425 
 03/10  15:30:00,34.3,2.1,119.0,226.5,,596.4,-40.71547272545264,634.8429082751688 
 03/10  15:40:00,33.5,1.4,125.0,154.0,,16.79,-43.21547272545263,165.03598688482086 
 03/10  15:50:00,32.8,1.2,181.0,117.8,,0.0,-45.71547272545265,117.8 
 03/10  16:00:00,32.3,1.5,186.0,144.3,173.85,62.58,-48.21547272545264,181.76347490326708 
 03/10  16:10:00,32.9,1.2,138.0,199.3,,74.39,-50.715472725452656,241.51628222384176 
 03/10  16:20:00,32.9,1.4,130.0,186.6,,17.3,-53.2154727254526,195.8591304883697 
 03/10  16:30:00,32.5,1.7,125.0,158.7,,1.543,-55.715472725452614,159.47434233233997 
 03/10  16:40:00,32.5,1.4,113.0,161.0,,1.478,-58.21547272545263,161.69090532369236 
 03/10  16:50:00,32.5,1.3,118.0,170.7,,12.14,-60.7154727254526,175.94603305766722 
 03/10  17:00:00,32.3,1.7,115.0,153.6,171.64999999999998,0.16,-63.215472725452614,153.66334628061566 
 03/10  17:10:00,32.3,1.2,101.0,115.4,,0.38,-65.71547272545263,115.53637726255413 
 03/10  17:20:00,32.5,1.0,73.0,89.7,,114.3,-68.2154727254526,126.40381586106574 
 03/10  17:30:00,32.2,1.0,68.0,66.57,,1.369,-70.71547272545261,66.9569865895852 
 03/10  17:40:00,31.7,0.6,40.0,44.92,,5.102,-73.21547272545263,46.163055626056575 
 03/10  17:50:00,32.2,0.4,77.0,49.93,,189.5,-75.7154727254526,88.60320194158078 
 03/10  18:00:00,32.2,1.9,181.0,56.95,70.57833333333333,216.2,-78.21547272545261,92.42230415915807 
 03/10  18:10:00,30.8,2.2,148.0,46.32,,150.1,-80.71547272545263,64.88609154814563 
 03/10  18:20:00,30.1,2.6,283.0,29.21,,47.37,-83.2154727254526,33.142486822688646 
 03/10  18:30:00,29.4,4.1,112.0,19.93,,0.0,-85.71547272545261,19.93 
 03/10  18:40:00,29.1,3.4,7.0,17.65,,0.063,-88.21547272545263,17.65006878292723 
 03/10  18:50:00,29.0,2.5,75.0,0.0,,0.0,-90.7154727254526,0.0 
 03/10  19:00:00,28.6,2.4,75.0,0.0,18.85166666666667,0.0,-93.21547272545261,0.0 
 03/10  19:10:00,28.1,2.5,146.0,0.0,,0.0,-95.71547272545263,0.0 
 03/10  19:20:00,27.9,2.4,281.0,0.0,,0.0,-98.2154727254526,0.0 
 03/10  19:30:00,27.7,2.8,281.0,0.0,,0.0,-100.71547272545261,0.0 
 03/10  19:40:00,27.5,2.4,350.0,0.0,,0.0,-103.21547272545263,0.0 
 03/10  19:50:00,27.3,2.4,335.0,0.0,,0.0,-105.7154727254526,0.0 
 03/10  20:00:00,27.1,2.6,273.0,0.0,0.0,0.0,-108.21547272545261,0.0 
 03/10  20:10:00,26.9,2.7,309.0,0.0,,0.0,-110.71547272545263,0.0 
 03/10  20:20:00,26.9,2.4,315.0,0.0,,0.0,-113.2154727254526,0.0 
 03/10  20:30:00,27.3,3.2,342.0,0.0,,0.0,-115.71547272545261,0.0 
 03/10  20:40:00,26.8,2.3,37.0,0.0,,0.0,-118.21547272545263,0.0 
 03/10  20:50:00,26.5,1.5,88.0,0.0,,0.0,-120.71547272545259,0.0 
 03/10  21:00:00,26.4,0.3,93.0,0.0,0.0,0.0,-123.21547272545261,0.0 
 03/10  21:10:00,26.3,1.1,205.0,0.0,,0.0,-125.71547272545264,0.0 
 03/10  21:20:00,26.2,0.4,113.0,0.0,,0.0,-128.21547272545257,0.0 
 03/10  21:30:00,25.9,0.2,162.0,0.0,,0.0,-130.71547272545263,0.0 
 03/10  21:40:00,25.4,0.6,25.0,0.0,,0.0,-133.21547272545263,0.0 
 03/10  21:50:00,25.5,1.2,28.0,0.0,,0.0,-135.71547272545257,0.0 
 03/10  22:00:00,25.4,0.5,183.0,0.0,0.0,0.0,-138.21547272545263,0.0 
 03/10  22:10:00,25.4,2.0,277.0,0.0,,0.0,-140.71547272545263,0.0 
 03/10  22:20:00,25.0,2.4,179.0,0.0,,0.0,-143.21547272545257,0.0 
 03/10  22:30:00,24.7,2.3,53.0,0.0,,0.0,-145.71547272545263,0.0 
 03/10  22:40:00,24.7,1.6,14.0,0.0,,0.0,-148.21547272545263,0.0 
 03/10  22:50:00,24.9,1.8,50.0,0.0,,0.0,-150.71547272545257,0.0 
 03/10  23:00:00,24.7,1.6,310.0,0.0,0.0,0.0,-153.21547272545263,0.0 
 03/10  23:10:00,24.5,1.8,267.0,0.0,,0.0,-155.71547272545263,0.0 
 03/10  23:20:00,24.3,1.0,307.0,0.0,,0.0,-158.21547272545257,0.0 
 03/10  23:30:00,24.0,0.6,333.0,0.0,,0.0,-160.71547272545263,0.0 
 03/10  23:40:00,23.7,1.2,326.0,0.0,,0.0,-163.21547272545263,0.0 
 03/10  23:50:00,23.3,1.3,330.0,0.0,,0.0,-165.71547272545257,0.0 
 03/10  24:00:00,0.0,0.0,0.0,0.0,0.0,0.0,-168.21547272545263,0.0 
